Order_ID,CustomerID,BranchID,ShipmentDate,ShipmentTime,Weight,Quantity,DeliveryAddress,TransactionID,TrackingNumber,ShipmentStatus,ShipmentComments
1,570,7,30/03/2022,2:08:31,35,1,Room 1032,724,675-42-0648,shipment confirmed,   
2,180,1,13/07/2022,15:11:13,26,2,2nd Floor,142,102-37-7290,shipment confirmed,   
3,12,6,7/10/2022,6:19:40,18,3,3rd Floor,420,173-38-7910,shipment confirmed,   
4,209,14,27/05/2022,22:30:11,100,4,9th Floor,874,873-48-1104,shipment confirmed,   
5,371,18,22/09/2022,16:55:14,83,5,Room 1067,78,322-81-4918,shipment confirmed,   
6,181,2,1/1/2023,9:38:01,30,6,Suite 80,778,199-54-8191,shipment confirmed,   
7,734,17,23/04/2022,9:29:23,96,7,Apt 237,677,228-90-7935,shipment confirmed,   
8,14,9,23/07/2022,0:56:36,79,8,Room 353,781,231-07-3967,shipment confirmed,   
9,278,20,23/01/2023,14:27:16,39,9,Suite 41,272,481-97-6090,shipment confirmed,   
10,748,3,20/05/2022,13:23:39,66,10,Apt 1038,858,539-76-9601,shipment confirmed,   
11,427,8,20/04/2022,0:51:17,17,11,Suite 83,449,166-78-2880,shipment confirmed,   
12,970,4,24/12/2022,15:15:15,35,12,PO Box 79814,1000,805-08-2557,shipment confirmed,   
13,702,10,3/5/2022,11:46:53,28,13,Apt 139,661,651-73-0648,shipment confirmed,   
14,263,5,8/3/2022,17:57:52,88,14,PO Box 86946,313,272-18-4178,shipment confirmed,   
15,329,15,11/8/2022,1:26:11,97,15,PO Box 70752,486,505-23-2534,shipment confirmed,   
16,773,12,12/5/2022,7:05:48,14,16,Room 1831,377,683-05-9373,shipment confirmed,   
17,620,11,27/01/2023,9:23:21,30,17,Room 440,885,730-06-7057,shipment confirmed,   
18,920,19,23/07/2022,7:15:10,32,18,Apt 159,692,446-39-8301,shipment confirmed,   
19,189,16,23/03/2022,12:03:37,46,19,Room 1989,826,503-98-5538,shipment confirmed,   
20,119,13,26/12/2022,7:07:35,28,20,14th Floor,617,634-62-5832,shipment confirmed,   
21,463,4,31/12/2022,14:50:46,68,21,Room 371,713,124-17-4812,shipment confirmed,   
22,112,3,7/10/2022,0:12:48,51,22,2nd Floor,408,788-05-4132,shipment confirmed,   
23,440,13,13/04/2022,22:17:12,34,23,Room 11,99,481-45-7123,shipment confirmed,   
24,290,20,6/11/2022,10:19:04,91,24,Room 147,356,524-56-3115,shipment confirmed,   
25,85,6,24/08/2022,10:27:25,72,25,PO Box 94212,62,752-30-2140,shipment confirmed,   
26,310,9,22/09/2022,5:04:35,99,26,Suite 97,867,811-76-7566,shipment confirmed,   
27,552,15,17/06/2022,12:34:21,40,27,PO Box 33159,97,100-10-7286,shipment confirmed,   
28,736,19,13/01/2023,7:48:07,60,28,Apt 277,440,256-46-8609,shipment confirmed,   
29,541,7,14/11/2022,11:05:29,95,29,PO Box 58023,581,301-26-7534,shipment confirmed,   
30,915,2,23/04/2022,10:14:54,48,30,Apt 1913,478,822-36-3034,shipment confirmed,   
31,846,14,6/8/2022,16:10:10,38,31,14th Floor,580,639-59-8422,shipment confirmed,   
32,367,18,25/09/2022,6:06:11,58,32,Suite 80,647,792-99-7845,shipment confirmed,   
33,852,11,3/9/2022,6:13:02,39,33,2nd Floor,779,691-01-4298,shipment confirmed,   
34,627,12,13/09/2022,12:45:25,89,34,PO Box 25326,626,665-31-4530,shipment confirmed,   
35,305,1,1/9/2022,3:14:32,62,35,15th Floor,485,840-84-5191,shipment confirmed,   
36,603,5,7/12/2022,19:02:44,45,36,Apt 1794,133,316-27-1931,shipment confirmed,   
37,116,16,20/01/2023,9:04:40,80,37,9th Floor,210,223-82-0802,shipment confirmed,   
38,474,10,11/11/2022,1:27:03,38,38,7th Floor,515,241-13-2372,shipment confirmed,   
39,929,17,31/03/2022,8:28:51,80,39,Apt 1804,248,348-16-7578,shipment confirmed,   
40,152,8,24/12/2022,3:44:27,29,40,Apt 1228,863,799-02-1683,shipment confirmed,   
41,856,13,20/01/2023,13:10:42,56,41,Apt 1675,158,245-90-9755,shipment confirmed,   
42,16,16,7/11/2022,4:36:32,77,42,Apt 134,517,894-91-7879,shipment confirmed,   
43,301,20,11/9/2022,10:48:22,24,43,Room 1479,663,741-68-9771,shipment confirmed,   
44,386,12,14/12/2022,19:47:56,55,44,10th Floor,807,545-64-1400,shipment confirmed,   
45,794,1,30/11/2022,20:01:32,25,45,PO Box 924,77,737-43-2817,shipment confirmed,   
46,601,4,25/12/2022,0:01:35,68,46,Apt 527,130,104-76-5451,shipment confirmed,   
47,999,2,8/10/2022,21:02:52,63,47,Suite 5,44,241-66-2120,shipment confirmed,   
48,706,9,8/2/2022,0:04:31,92,48,Suite 93,688,214-21-6776,shipment confirmed,   
49,589,7,23/03/2022,9:52:45,95,49,12th Floor,941,114-90-3802,shipment confirmed,   
50,74,5,1/2/2023,3:46:27,3,50,Suite 22,469,504-43-6154,shipment confirmed,   
51,192,20,9/3/2022,23:31:09,45,51,Suite 43,722,248-25-2577,shipment confirmed,   
52,970,8,5/10/2022,11:53:24,53,52,13th Floor,251,433-54-4830,shipment confirmed,   
53,682,14,19/06/2022,11:59:05,36,53,3rd Floor,644,101-63-5981,shipment confirmed,   
54,56,11,22/02/2022,5:24:22,14,54,Room 1625,61,214-43-7621,shipment confirmed,   
55,294,10,19/02/2022,6:11:29,88,55,3rd Floor,71,709-53-7056,shipment confirmed,   
56,368,3,30/06/2022,18:49:16,45,56,Room 1132,261,726-64-1256,shipment confirmed,   
57,987,17,17/09/2022,14:52:33,75,57,Suite 7,286,277-94-6331,shipment confirmed,   
58,630,9,16/06/2022,9:08:04,27,58,Room 1684,957,499-12-2081,shipment confirmed,   
59,118,13,29/09/2022,13:37:33,84,59,Apt 1234,480,316-42-1745,shipment confirmed,   
60,337,6,8/11/2022,10:23:05,5,60,Room 711,383,312-81-6457,shipment confirmed,   
61,761,2,30/09/2022,3:23:55,45,61,Suite 89,694,245-76-3555,shipment confirmed,   
62,704,12,29/08/2022,23:22:04,100,62,12th Floor,421,346-67-8567,shipment confirmed,   
63,775,4,28/03/2022,2:07:27,100,63,19th Floor,10,622-90-1243,shipment confirmed,   
64,904,5,23/10/2022,13:23:47,31,64,PO Box 54113,582,323-92-0566,shipment confirmed,   
65,867,15,31/12/2022,21:20:51,24,65,Room 260,928,245-52-5782,shipment confirmed,   
66,496,18,7/3/2022,21:12:37,2,66,15th Floor,570,183-67-0411,shipment confirmed,   
67,893,19,3/2/2022,5:33:12,33,67,Apt 1318,908,251-33-2222,shipment confirmed,   
68,2,16,20/01/2023,21:57:40,28,68,Room 1271,2,728-84-7256,shipment confirmed,   
69,92,1,28/09/2022,16:59:42,85,69,Apt 454,149,167-07-2484,shipment confirmed,   
70,897,7,8/7/2022,14:03:40,62,70,Apt 174,279,191-64-8205,shipment confirmed,   
71,586,6,2/1/2023,1:10:06,58,71,PO Box 10046,397,246-09-4153,shipment confirmed,   
72,199,16,5/9/2022,12:47:43,63,72,Room 1812,715,389-88-2362,shipment confirmed,   
73,137,9,6/3/2022,5:05:02,2,73,PO Box 56534,628,178-24-7451,shipment confirmed,   
74,71,14,24/12/2022,6:30:20,1,74,Suite 93,976,895-18-5807,shipment confirmed,   
75,106,5,7/2/2022,13:20:48,47,75,Room 762,347,760-34-2309,shipment confirmed,   
76,267,8,24/05/2022,9:40:54,38,76,Room 1811,451,473-90-1463,shipment confirmed,   
77,621,13,15/09/2022,17:03:11,78,77,Suite 84,719,328-99-6739,shipment confirmed,   
78,862,1,30/07/2022,11:44:28,62,78,PO Box 67155,743,891-79-7719,shipment confirmed,   
79,4,11,21/01/2023,11:17:19,8,79,Room 1265,895,751-83-2687,shipment confirmed,   
80,725,4,9/8/2022,19:16:05,25,80,PO Box 64291,689,591-79-7748,shipment confirmed,   
81,801,18,15/03/2022,22:30:21,24,81,Apt 919,470,407-57-5401,shipment confirmed,   
82,759,10,12/7/2022,14:48:39,100,82,PO Box 93920,15,319-62-0703,shipment confirmed,   
83,965,15,23/04/2022,20:57:48,46,83,Apt 1151,291,642-83-4698,shipment confirmed,   
84,560,17,4/7/2022,22:15:41,66,84,1st Floor,148,891-10-8571,shipment confirmed,   
85,467,2,31/03/2022,2:35:32,6,85,4th Floor,56,604-55-1887,shipment confirmed,   
86,493,7,11/2/2022,20:53:47,100,86,13th Floor,18,629-55-7532,shipment confirmed,   
87,956,3,18/04/2022,20:27:47,45,87,18th Floor,158,216-22-9258,shipment confirmed,   
88,871,12,6/7/2022,23:38:34,97,88,Apt 1756,344,545-82-4765,shipment confirmed,   
89,765,19,15/11/2022,6:26:40,81,89,Apt 298,101,376-61-5983,shipment confirmed,   
90,959,20,3/8/2022,4:03:51,92,90,17th Floor,114,797-71-7758,shipment confirmed,   
91,177,15,1/2/2023,16:33:43,47,91,Room 1551,312,287-92-6323,shipment confirmed,   
92,612,7,28/11/2022,22:53:42,95,92,Room 198,617,853-85-6228,shipment confirmed,   
93,890,4,1/9/2022,16:27:53,53,93,Suite 48,547,119-69-2686,shipment confirmed,   
94,188,14,3/11/2022,12:19:52,11,94,1st Floor,411,739-40-6353,shipment confirmed,   
95,817,13,13/05/2022,17:22:26,80,95,Apt 1895,211,253-86-9849,shipment confirmed,   
96,697,9,14/10/2022,12:19:59,39,96,Suite 15,762,858-44-3197,shipment confirmed,   
97,861,17,11/1/2023,10:05:11,24,97,Apt 1882,322,454-75-5100,shipment confirmed,   
98,264,11,9/2/2022,13:56:57,55,98,Room 1958,577,868-71-6265,shipment confirmed,   
99,98,19,8/7/2022,8:41:40,55,99,PO Box 73413,453,100-27-4237,shipment confirmed,   
100,187,12,14/06/2022,7:20:59,76,100,Apt 1138,152,276-77-2742,shipment confirmed,   
101,95,16,7/6/2022,12:16:40,2,101,Apt 1765,751,764-21-0728,shipment confirmed,   
102,978,20,10/2/2022,14:05:33,78,102,3rd Floor,663,353-53-9789,shipment confirmed,   
103,708,13,12/8/2022,20:28:17,75,103,Suite 8,443,857-68-6780,shipment confirmed,   
104,685,9,10/2/2022,23:47:40,79,104,6th Floor,654,571-99-0448,shipment confirmed,   
105,754,5,9/2/2022,10:22:05,78,105,Room 866,825,174-91-2996,shipment confirmed,   
106,907,18,29/11/2022,4:36:56,80,106,Apt 883,392,728-25-5164,shipment confirmed,   
107,749,7,10/3/2022,9:03:51,38,107,Apt 114,444,291-27-6755,shipment confirmed,   
108,576,1,19/06/2022,15:23:13,18,108,Room 175,498,464-85-2436,shipment confirmed,   
109,3,8,4/9/2022,7:37:50,43,109,Room 1186,327,453-86-8332,shipment confirmed,   
110,466,11,30/09/2022,9:51:51,55,110,9th Floor,106,649-68-1790,shipment confirmed,   
111,725,14,4/8/2022,9:50:25,58,111,Apt 1571,575,351-84-7843,shipment confirmed,   
112,195,15,5/11/2022,0:59:21,75,112,PO Box 9745,448,675-22-7031,shipment confirmed,   
113,10,17,14/01/2023,3:49:13,57,113,Room 1123,157,272-11-0307,shipment confirmed,   
114,692,3,10/12/2022,16:37:16,58,114,PO Box 35621,786,357-50-5153,shipment confirmed,   
115,816,2,12/12/2022,0:50:26,24,115,Apt 309,704,505-70-7668,shipment confirmed,   
116,226,10,5/12/2022,2:16:37,27,116,11th Floor,537,247-95-7829,shipment confirmed,   
117,739,4,23/10/2022,14:44:13,72,117,12th Floor,675,898-78-6607,shipment confirmed,   
118,939,12,25/08/2022,7:32:34,24,118,PO Box 50866,638,487-89-9722,shipment confirmed,   
119,271,19,31/01/2023,22:05:34,96,119,Room 327,541,200-14-0524,shipment confirmed,   
120,178,6,15/12/2022,6:36:15,66,120,4th Floor,342,226-76-4821,shipment confirmed,   
121,909,18,22/01/2023,14:37:18,13,121,Room 1134,934,126-53-2133,shipment confirmed,   
122,597,4,21/09/2022,5:25:45,69,122,Suite 31,22,169-32-5614,shipment confirmed,   
123,943,5,23/09/2022,3:48:39,25,123,Apt 1448,460,831-63-3975,shipment confirmed,   
124,402,6,17/06/2022,12:47:18,58,124,PO Box 71766,982,632-89-8117,shipment confirmed,   
125,881,12,3/6/2022,22:43:17,17,125,Apt 1864,542,336-88-2987,shipment confirmed,   
126,6,2,5/5/2022,14:58:16,97,126,Apt 54,551,748-05-0655,shipment confirmed,   
127,958,9,13/10/2022,10:35:08,48,127,Apt 1960,292,174-83-6069,shipment confirmed,   
128,829,3,11/10/2022,6:15:40,74,128,12th Floor,495,531-26-6120,shipment confirmed,   
129,346,10,23/12/2022,13:46:53,59,129,Suite 6,338,824-66-3904,shipment confirmed,   
130,766,19,29/06/2022,18:49:21,59,130,5th Floor,994,555-90-6616,shipment confirmed,   
131,168,17,7/2/2022,17:48:40,89,131,Room 1979,957,423-87-0619,shipment confirmed,   
132,420,7,18/01/2023,11:20:51,72,132,Suite 26,646,730-77-9751,shipment confirmed,   
133,656,14,11/5/2022,0:24:26,84,133,14th Floor,301,158-46-9565,shipment confirmed,   
134,296,15,1/5/2022,23:53:36,86,134,Suite 56,386,593-57-1122,shipment confirmed,   
135,304,1,26/11/2022,0:30:33,88,135,Suite 29,652,483-71-0627,shipment confirmed,   
136,701,20,22/10/2022,4:16:27,79,136,Room 674,364,663-93-1625,shipment confirmed,   
137,879,8,9/5/2022,2:21:04,46,137,Apt 202,947,226-97-2062,shipment confirmed,   
138,182,11,22/03/2022,11:41:02,8,138,Suite 70,835,277-77-4862,shipment confirmed,   
139,581,13,21/09/2022,23:15:06,88,139,Suite 47,267,607-95-6834,shipment confirmed,   
140,657,16,30/07/2022,9:14:12,33,140,7th Floor,560,665-04-4694,shipment confirmed,   
141,223,11,22/12/2022,3:40:59,50,141,Suite 25,767,799-30-0991,shipment confirmed,   
142,561,5,4/7/2022,8:21:10,43,142,Apt 157,581,274-18-6120,shipment confirmed,   
143,572,13,5/12/2022,4:51:00,86,143,Suite 6,397,241-28-8987,shipment confirmed,   
144,583,2,9/4/2022,5:11:00,56,144,Room 791,354,826-82-0573,shipment confirmed,   
145,90,3,16/02/2022,2:56:54,66,145,6th Floor,368,174-73-7273,shipment confirmed,   
146,380,4,14/02/2022,21:29:55,59,146,PO Box 82952,770,603-84-8747,shipment confirmed,   
147,287,6,23/06/2022,22:01:24,43,147,PO Box 69803,936,784-09-1528,shipment confirmed,   
148,498,7,22/06/2022,21:53:12,64,148,Suite 59,136,722-15-2844,shipment confirmed,   
149,92,10,31/08/2022,23:07:42,10,149,Suite 10,647,437-11-0203,shipment confirmed,   
150,985,14,17/06/2022,22:57:25,11,150,3rd Floor,466,832-56-2282,shipment confirmed,   
151,605,4,23/11/2022,4:24:05,83,151,Room 1041,46,253-81-7938,shipment confirmed,   
152,899,13,1/12/2022,19:44:39,99,152,PO Box 45393,918,541-86-5866,shipment confirmed,   
153,718,5,19/03/2022,12:44:18,9,153,PO Box 81562,794,466-20-4896,shipment confirmed,   
154,679,17,15/04/2022,20:43:24,47,154,Suite 24,32,330-21-5489,shipment confirmed,   
155,53,8,27/04/2022,14:26:00,94,155,PO Box 53336,551,312-99-4427,shipment confirmed,   
156,78,6,26/06/2022,6:27:52,97,156,PO Box 12691,530,422-06-4000,shipment confirmed,   
157,147,2,15/09/2022,10:02:03,70,157,Apt 8,706,409-50-7063,shipment confirmed,   
158,911,7,4/1/2023,18:59:08,63,158,2nd Floor,357,252-89-0540,shipment confirmed,   
159,125,10,28/10/2022,18:31:52,45,159,Suite 7,91,818-03-2916,shipment confirmed,   
160,766,15,4/5/2022,3:36:04,51,160,Room 1711,139,350-05-0985,shipment confirmed,   
161,618,9,10/10/2022,12:05:54,71,161,Room 998,150,251-12-1142,shipment confirmed,   
162,182,20,21/03/2022,4:27:27,41,162,Apt 1164,473,551-67-9623,shipment confirmed,   
163,969,16,13/06/2022,21:51:59,30,163,PO Box 9453,131,178-85-2331,shipment confirmed,   
164,453,11,25/02/2022,16:21:50,11,164,PO Box 27758,686,140-12-2979,shipment confirmed,   
165,209,12,14/02/2022,6:03:35,22,165,PO Box 57464,101,587-95-3675,shipment confirmed,   
166,916,18,26/12/2022,4:34:03,91,166,PO Box 83619,583,490-84-1306,shipment confirmed,   
167,599,3,9/10/2022,2:06:02,25,167,PO Box 45825,29,526-49-8710,shipment confirmed,   
168,228,14,27/09/2022,7:38:15,17,168,Apt 82,36,561-55-7966,shipment confirmed,   
169,935,19,13/07/2022,22:54:16,50,169,Room 792,498,249-16-9348,shipment confirmed,   
170,627,1,25/07/2022,0:40:03,98,170,11th Floor,41,889-97-6085,shipment confirmed,   
171,226,18,12/1/2023,14:33:05,43,171,Apt 1525,944,863-78-7762,shipment confirmed,   
172,159,2,24/04/2022,5:36:37,35,172,PO Box 51139,950,876-97-7062,shipment confirmed,   
173,549,20,30/04/2022,8:50:13,45,173,Suite 99,624,435-41-6746,shipment confirmed,   
174,700,16,11/12/2022,9:33:13,48,174,Room 886,865,280-16-5352,shipment confirmed,   
175,108,10,19/06/2022,4:21:55,33,175,PO Box 78099,469,606-71-7172,shipment confirmed,   
176,761,19,24/05/2022,15:15:21,37,176,Room 27,149,413-03-0453,shipment confirmed,   
177,106,6,4/4/2022,6:15:19,44,177,Apt 1972,462,705-48-1636,shipment confirmed,   
178,279,5,3/2/2022,3:24:51,46,178,Suite 79,676,191-87-6394,shipment confirmed,   
179,407,9,9/8/2022,21:38:19,78,179,Suite 17,200,181-84-7897,shipment confirmed,   
180,309,14,30/09/2022,6:16:53,60,180,PO Box 43137,440,867-38-3512,shipment confirmed,   
181,608,8,27/02/2022,18:06:39,96,181,Suite 98,50,379-54-8301,shipment confirmed,   
182,134,11,16/11/2022,14:30:53,51,182,Apt 979,211,504-65-4127,shipment confirmed,   
183,698,13,2/1/2023,14:01:51,14,183,Room 1571,505,875-46-9525,shipment confirmed,   
184,907,12,21/11/2022,3:32:08,27,184,Room 718,641,846-79-1819,shipment confirmed,   
185,253,7,26/04/2022,4:30:16,40,185,Room 1903,382,535-85-5550,shipment confirmed,   
186,161,3,14/04/2022,10:22:56,31,186,Room 1468,477,558-48-4904,shipment confirmed,   
187,805,15,22/06/2022,9:11:07,90,187,Room 951,764,337-07-9471,shipment confirmed,   
188,113,4,10/10/2022,3:26:06,49,188,15th Floor,939,347-42-7137,shipment confirmed,   
189,738,1,20/03/2022,2:52:08,82,189,PO Box 28264,949,477-73-1315,shipment confirmed,   
190,487,17,3/7/2022,23:26:25,68,190,3rd Floor,783,186-64-5339,shipment confirmed,   
191,355,19,5/10/2022,4:27:37,21,191,PO Box 44719,435,202-24-5917,shipment confirmed,   
192,875,16,10/8/2022,7:56:53,99,192,Room 655,34,836-31-2817,shipment confirmed,   
193,191,4,25/06/2022,15:09:28,4,193,Suite 45,138,403-02-9101,shipment confirmed,   
194,376,13,20/04/2022,10:14:38,73,194,Suite 29,478,459-87-8625,shipment confirmed,   
195,694,7,2/11/2022,15:30:24,17,195,Apt 1826,628,849-18-2979,shipment confirmed,   
196,135,18,15/01/2023,23:38:38,92,196,PO Box 8721,175,715-81-2349,shipment confirmed,   
197,507,1,26/05/2022,16:32:44,67,197,PO Box 13346,108,303-32-7123,shipment confirmed,   
198,821,12,14/03/2022,23:54:37,23,198,12th Floor,860,642-90-7158,shipment confirmed,   
199,960,11,17/12/2022,13:00:01,47,199,16th Floor,680,523-03-1463,shipment confirmed,   
200,555,14,22/05/2022,18:28:04,47,200,Room 1082,125,117-16-0876,shipment confirmed,   
201,824,7,26/08/2022,18:35:06,63,201,Room 1734,178,153-85-6200,shipment confirmed,   
202,233,2,12/8/2022,8:51:43,7,202,Suite 68,788,787-03-9200,shipment confirmed,   
203,657,15,14/04/2022,16:03:31,85,203,PO Box 7843,918,516-20-9100,shipment confirmed,   
204,16,16,17/06/2022,23:40:19,40,204,Suite 54,615,657-99-8135,shipment confirmed,   
205,577,20,14/04/2022,17:59:04,23,205,Suite 58,854,778-99-4371,shipment confirmed,   
206,301,19,16/01/2023,11:22:54,79,206,20th Floor,50,348-20-3147,shipment confirmed,   
207,355,18,30/08/2022,15:10:49,89,207,Room 836,960,752-34-0975,shipment confirmed,   
208,554,8,6/1/2023,2:30:52,10,208,Room 384,1,240-98-1967,shipment confirmed,   
209,46,12,29/05/2022,15:41:54,65,209,9th Floor,644,782-98-9182,shipment confirmed,   
210,721,17,26/12/2022,2:57:58,25,210,PO Box 72673,665,245-67-1137,shipment confirmed,   
211,884,10,1/5/2022,1:32:32,32,211,Apt 361,36,403-94-0636,shipment confirmed,   
212,598,6,7/8/2022,23:02:40,27,212,Suite 44,879,690-21-3404,shipment confirmed,   
213,505,5,7/12/2022,18:56:44,27,213,17th Floor,47,306-80-4914,shipment confirmed,   
214,596,3,16/09/2022,6:25:50,82,214,Suite 30,668,300-88-1898,shipment confirmed,   
215,821,1,14/07/2022,4:53:56,26,215,4th Floor,260,122-24-1514,shipment confirmed,   
216,41,11,23/05/2022,3:49:10,33,216,Room 1816,605,394-64-0383,shipment confirmed,   
217,431,9,14/06/2022,6:30:26,89,217,Apt 538,742,498-15-4345,shipment confirmed,   
218,247,14,12/12/2022,13:35:13,40,218,Apt 1340,323,550-07-3325,shipment confirmed,   
219,344,13,22/01/2023,19:35:15,94,219,PO Box 96807,642,553-50-0688,shipment confirmed,   
220,818,4,3/5/2022,8:24:57,72,220,Suite 95,972,721-25-5864,shipment confirmed,   
221,759,4,8/12/2022,4:29:00,74,221,Apt 1403,284,831-66-3190,shipment confirmed,   
222,471,13,26/02/2022,16:54:39,72,222,PO Box 96342,269,252-18-5635,shipment confirmed,   
223,797,3,22/10/2022,9:36:33,60,223,PO Box 41015,315,707-03-1957,shipment confirmed,   
224,716,6,27/10/2022,10:35:49,52,224,14th Floor,159,398-94-7308,shipment confirmed,   
225,172,18,14/12/2022,14:27:57,97,225,Room 701,546,406-23-0668,shipment confirmed,   
226,714,14,11/8/2022,6:33:57,61,226,Room 1156,588,236-05-5297,shipment confirmed,   
227,724,5,31/10/2022,11:10:38,30,227,Suite 29,288,724-96-3820,shipment confirmed,   
228,754,20,1/10/2022,0:36:07,23,228,8th Floor,340,813-50-3198,shipment confirmed,   
229,786,1,13/09/2022,8:57:13,1,229,Suite 63,531,399-21-3951,shipment confirmed,   
230,861,7,22/10/2022,15:06:24,63,230,Suite 37,682,752-87-7620,shipment confirmed,   
231,473,8,27/08/2022,8:16:33,80,231,PO Box 89897,148,652-79-7705,shipment confirmed,   
232,776,17,1/6/2022,17:51:01,16,232,Suite 10,489,847-90-3021,shipment confirmed,   
233,209,15,20/11/2022,12:33:54,44,233,Apt 744,781,350-18-2205,shipment confirmed,   
234,21,16,10/3/2022,4:35:26,70,234,Apt 82,158,308-93-1612,shipment confirmed,   
235,25,12,31/08/2022,4:50:54,100,235,Suite 99,400,881-91-5725,shipment confirmed,   
236,293,19,3/10/2022,21:15:30,92,236,15th Floor,677,764-65-5628,shipment confirmed,   
237,942,2,26/02/2022,23:20:19,21,237,Apt 1622,22,146-58-0738,shipment confirmed,   
238,738,11,22/09/2022,3:15:51,45,238,Suite 12,326,387-17-7847,shipment confirmed,   
239,784,9,20/12/2022,1:25:46,100,239,PO Box 56854,629,369-80-4967,shipment confirmed,   
240,453,10,16/07/2022,3:23:53,40,240,Room 1824,777,749-36-2102,shipment confirmed,   
241,965,6,23/07/2022,23:46:50,98,241,Apt 59,619,255-11-3987,shipment confirmed,   
242,561,2,27/07/2022,21:59:11,65,242,Suite 14,11,466-63-4225,shipment confirmed,   
243,432,11,12/6/2022,1:04:53,12,243,Apt 611,391,791-59-8490,shipment confirmed,   
244,910,12,28/07/2022,11:37:00,16,244,Room 1570,281,368-78-1358,shipment confirmed,   
245,327,15,17/02/2022,12:42:47,75,245,PO Box 96036,784,138-96-9847,shipment confirmed,   
246,692,10,3/1/2023,2:30:22,77,246,Suite 12,980,206-14-6185,shipment confirmed,   
247,75,13,7/11/2022,19:19:05,3,247,Room 570,511,138-13-7894,shipment confirmed,   
248,559,16,11/2/2022,22:15:56,9,248,Apt 1288,696,621-40-2180,shipment confirmed,   
249,987,1,25/02/2022,0:58:16,49,249,PO Box 53549,724,683-62-2239,shipment confirmed,   
250,465,3,4/2/2022,17:29:00,64,250,Room 1801,760,455-61-4765,shipment confirmed,   
251,594,12,25/04/2022,22:47:50,72,251,Suite 53,618,166-90-1824,shipment confirmed,   
252,6,3,18/05/2022,1:01:34,43,252,Suite 76,782,221-94-4979,shipment confirmed,   
253,101,13,10/7/2022,4:48:00,65,253,Suite 20,976,531-85-9209,shipment confirmed,   
254,673,17,16/02/2022,12:44:52,100,254,4th Floor,223,727-89-4362,shipment confirmed,   
255,774,8,3/5/2022,4:45:03,58,255,Apt 46,346,109-32-9781,shipment confirmed,   
256,391,20,11/7/2022,17:39:20,36,256,PO Box 43761,284,421-05-1612,shipment confirmed,   
257,845,7,23/08/2022,5:06:20,11,257,Suite 6,918,577-14-6817,shipment confirmed,   
258,398,1,20/12/2022,18:25:23,34,258,17th Floor,580,263-70-1926,shipment confirmed,   
259,32,2,23/02/2022,15:22:58,85,259,Room 619,688,539-70-5694,shipment confirmed,   
260,519,11,8/11/2022,3:12:04,74,260,Apt 1978,415,588-42-6465,shipment confirmed,   
261,996,18,9/11/2022,13:33:21,25,261,Room 1869,591,395-87-5507,shipment confirmed,   
262,865,15,26/01/2023,4:43:22,5,262,Room 627,721,686-58-3527,shipment confirmed,   
263,34,19,7/4/2022,7:47:59,46,263,Apt 190,149,827-42-7189,shipment confirmed,   
264,514,10,23/08/2022,9:06:33,41,264,PO Box 93523,497,146-76-8403,shipment confirmed,   
265,270,5,2/11/2022,3:58:57,93,265,PO Box 86141,675,484-69-8960,shipment confirmed,   
266,509,9,1/1/2023,2:20:27,86,266,1st Floor,440,335-87-6781,shipment confirmed,   
267,676,4,28/08/2022,9:22:35,11,267,Suite 38,572,801-53-3559,shipment confirmed,   
268,9,16,1/8/2022,14:03:36,89,268,Apt 1813,611,400-92-1092,shipment confirmed,   
269,450,14,19/05/2022,12:44:45,63,269,Suite 27,679,276-35-1368,shipment confirmed,   
270,659,6,8/11/2022,16:24:41,22,270,Apt 712,68,355-67-6144,shipment confirmed,   
271,465,4,2/8/2022,17:08:40,52,271,Room 940,104,470-41-6273,shipment confirmed,   
272,322,7,14/11/2022,18:42:01,7,272,PO Box 67682,485,810-20-7098,shipment confirmed,   
273,719,3,10/3/2022,9:23:07,18,273,Room 1371,221,752-98-2129,shipment confirmed,   
274,442,20,28/11/2022,1:26:58,22,274,17th Floor,802,874-87-5195,shipment confirmed,   
275,963,11,31/12/2022,0:17:36,56,275,17th Floor,390,147-74-0046,shipment confirmed,   
276,711,5,6/1/2023,21:34:18,24,276,Suite 44,574,569-41-8620,shipment confirmed,   
277,931,10,1/9/2022,11:15:15,70,277,PO Box 36399,375,376-73-8365,shipment confirmed,   
278,626,1,26/01/2023,15:28:50,50,278,PO Box 69511,359,747-14-1093,shipment confirmed,   
279,878,18,21/08/2022,0:25:59,91,279,Suite 29,388,506-43-4707,shipment confirmed,   
280,725,16,18/10/2022,2:29:42,28,280,Apt 229,15,257-24-5529,shipment confirmed,   
281,473,17,21/02/2022,13:45:51,86,281,Room 500,350,897-53-8170,shipment confirmed,   
282,451,8,8/1/2023,17:47:44,62,282,Suite 11,128,322-11-4793,shipment confirmed,   
283,86,13,2/5/2022,12:09:05,46,283,PO Box 12402,244,753-50-0965,shipment confirmed,   
284,411,2,2/8/2022,5:38:23,30,284,Room 630,466,707-03-4297,shipment confirmed,   
285,654,9,1/8/2022,0:51:14,37,285,Room 443,730,154-82-5583,shipment confirmed,   
286,682,14,11/2/2022,6:24:34,36,286,Apt 1815,805,423-49-6976,shipment confirmed,   
287,604,6,17/02/2022,11:20:40,98,287,19th Floor,5,483-44-8867,shipment confirmed,   
288,541,15,15/05/2022,4:27:12,28,288,PO Box 30573,727,744-20-4457,shipment confirmed,   
289,619,12,24/07/2022,3:52:39,34,289,19th Floor,81,474-01-2414,shipment confirmed,   
290,602,19,10/9/2022,19:35:02,90,290,PO Box 96894,62,289-32-5222,shipment confirmed,   
291,971,10,24/05/2022,21:35:43,59,291,Suite 99,506,187-10-2793,shipment confirmed,   
292,632,13,18/01/2023,3:37:49,97,292,Room 1673,649,738-19-8483,shipment confirmed,   
293,788,7,22/06/2022,9:20:54,90,293,Suite 27,354,847-68-4249,shipment confirmed,   
294,548,2,20/10/2022,23:22:08,12,294,Room 1500,601,244-05-9369,shipment confirmed,   
295,855,15,10/4/2022,17:33:20,46,295,Apt 533,681,361-70-8804,shipment confirmed,   
296,1000,18,4/7/2022,14:35:24,63,296,Room 207,269,250-56-4826,shipment confirmed,   
297,59,8,25/07/2022,11:38:06,79,297,Suite 92,585,586-10-1562,shipment confirmed,   
298,375,1,4/2/2022,4:13:53,34,298,Room 1376,870,755-11-9917,shipment confirmed,   
299,535,9,7/12/2022,3:13:12,94,299,7th Floor,235,813-83-5312,shipment confirmed,   
300,40,3,22/07/2022,5:38:13,67,300,PO Box 52794,330,766-66-4763,shipment confirmed,   
301,975,14,4/9/2022,0:06:24,50,301,Room 1624,857,720-09-5421,shipment confirmed,   
302,206,17,25/03/2022,8:04:03,53,302,Apt 797,303,887-90-6133,shipment confirmed,   
303,642,18,14/09/2022,11:04:21,48,303,18th Floor,156,597-61-6287,shipment confirmed,   
304,829,3,13/05/2022,1:50:49,46,304,Suite 53,469,139-38-4401,shipment confirmed,   
305,6,2,17/04/2022,10:07:03,33,305,Apt 87,675,744-85-1860,shipment confirmed,   
306,379,13,1/2/2023,0:56:49,92,306,PO Box 68739,181,655-96-1019,shipment confirmed,   
307,262,16,11/10/2022,23:40:02,94,307,PO Box 43354,662,617-49-6477,shipment confirmed,   
308,526,19,31/08/2022,2:34:44,60,308,Apt 897,479,400-03-7211,shipment confirmed,   
309,67,10,5/2/2022,2:48:56,72,309,Room 474,653,555-32-4864,shipment confirmed,   
310,980,6,27/10/2022,11:47:15,50,310,13th Floor,257,572-81-6153,shipment confirmed,   
311,570,12,13/12/2022,5:19:02,77,311,Suite 77,131,743-79-9606,shipment confirmed,   
312,664,20,9/2/2022,22:24:45,4,312,Apt 1446,776,736-48-9137,shipment confirmed,   
313,29,1,17/06/2022,2:13:06,14,313,Room 983,138,699-74-5341,shipment confirmed,   
314,413,15,26/06/2022,23:27:56,30,314,Apt 9,162,102-39-6680,shipment confirmed,   
315,869,4,2/4/2022,0:21:05,17,315,Room 291,522,479-89-2727,shipment confirmed,   
316,530,9,6/11/2022,17:29:19,15,316,Suite 93,8,292-46-0626,shipment confirmed,   
317,687,7,22/03/2022,20:51:03,94,317,Apt 1694,129,102-84-4125,shipment confirmed,   
318,422,8,3/3/2022,12:16:54,71,318,2nd Floor,140,235-74-8699,shipment confirmed,   
319,222,5,20/06/2022,14:18:15,58,319,Room 75,885,237-56-1005,shipment confirmed,   
320,839,11,31/01/2023,0:04:53,36,320,PO Box 15564,808,485-25-7748,shipment confirmed,   
321,870,11,25/04/2022,15:36:16,94,321,Room 124,934,263-25-6390,shipment confirmed,   
322,644,12,3/11/2022,7:08:46,69,322,17th Floor,400,482-30-6350,shipment confirmed,   
323,161,14,5/7/2022,6:51:21,14,323,PO Box 91441,85,367-57-1774,shipment confirmed,   
324,925,15,29/10/2022,11:16:55,23,324,Apt 460,923,326-43-1626,shipment confirmed,   
325,494,16,9/7/2022,17:11:37,43,325,Room 1809,701,244-77-0709,shipment confirmed,   
326,890,5,13/03/2022,8:20:12,78,326,15th Floor,962,354-20-1088,shipment confirmed,   
327,830,1,3/7/2022,0:30:20,35,327,Room 823,551,594-79-9479,shipment confirmed,   
328,308,18,1/4/2022,3:27:16,80,328,10th Floor,360,683-02-8358,shipment confirmed,   
329,285,19,18/05/2022,16:59:57,83,329,PO Box 58824,700,729-32-8477,shipment confirmed,   
330,858,6,4/3/2022,4:29:56,25,330,Room 1600,533,237-48-0926,shipment confirmed,   
331,293,17,27/12/2022,10:55:03,70,331,Apt 898,268,865-37-5335,shipment confirmed,   
332,97,8,17/12/2022,0:01:58,38,332,PO Box 57353,248,274-28-9710,shipment confirmed,   
333,412,9,9/1/2023,10:03:01,62,333,Apt 517,781,748-28-2643,shipment confirmed,   
334,219,10,4/5/2022,1:40:52,36,334,15th Floor,556,740-83-5510,shipment confirmed,   
335,886,3,29/10/2022,2:27:25,70,335,Suite 98,431,758-89-0123,shipment confirmed,   
336,153,13,28/12/2022,16:34:57,2,336,Room 271,102,673-72-4124,shipment confirmed,   
337,59,2,31/03/2022,12:43:15,14,337,Room 595,1,881-14-0977,shipment confirmed,   
338,557,20,12/2/2022,12:11:47,94,338,9th Floor,866,659-70-8033,shipment confirmed,   
339,88,4,9/6/2022,3:33:04,38,339,Apt 120,833,562-91-5475,shipment confirmed,   
340,836,7,15/10/2022,23:19:29,76,340,13th Floor,219,814-01-8966,shipment confirmed,   
341,30,8,6/4/2022,0:57:33,2,341,Room 1862,104,122-08-9383,shipment confirmed,   
342,779,4,15/06/2022,15:17:12,57,342,Room 1393,275,540-79-4675,shipment confirmed,   
343,371,13,19/09/2022,14:21:20,71,343,Apt 1904,438,558-21-6037,shipment confirmed,   
344,143,14,28/03/2022,2:00:29,81,344,PO Box 73089,593,685-33-2201,shipment confirmed,   
345,244,12,12/12/2022,23:16:10,65,345,2nd Floor,860,871-44-1145,shipment confirmed,   
346,1,11,16/01/2023,12:38:57,19,346,Suite 75,608,856-25-7626,shipment confirmed,   
347,42,7,21/07/2022,7:39:59,74,347,Suite 4,834,730-37-1660,shipment confirmed,   
348,51,20,14/06/2022,2:33:48,71,348,Room 519,16,382-49-7320,shipment confirmed,   
349,369,9,1/8/2022,1:20:26,37,349,Apt 423,404,620-14-8367,shipment confirmed,   
350,134,18,7/8/2022,16:32:59,57,350,17th Floor,347,236-42-1838,shipment confirmed,   
351,846,12,17/12/2022,12:58:00,68,351,Apt 1550,828,171-31-0532,shipment confirmed,   
352,756,10,27/07/2022,16:48:30,9,352,16th Floor,711,275-78-8983,shipment confirmed,   
353,485,18,14/12/2022,1:00:00,80,353,PO Box 55754,784,107-92-3490,shipment confirmed,   
354,339,5,11/11/2022,14:47:33,83,354,Suite 97,751,723-55-5035,shipment confirmed,   
355,854,16,16/10/2022,12:32:03,35,355,Apt 991,430,122-44-2789,shipment confirmed,   
356,567,19,17/08/2022,1:10:19,85,356,Apt 1757,687,121-87-6609,shipment confirmed,   
357,337,6,12/5/2022,8:22:31,1,357,Suite 75,23,363-06-1335,shipment confirmed,   
358,326,14,17/04/2022,8:21:03,14,358,11th Floor,121,599-78-0534,shipment confirmed,   
359,734,1,26/04/2022,2:58:50,44,359,PO Box 72695,851,119-88-4916,shipment confirmed,   
360,408,20,8/7/2022,3:12:03,16,360,PO Box 9971,684,800-49-3541,shipment confirmed,   
361,522,15,26/03/2022,10:34:36,93,361,Suite 15,666,637-64-3586,shipment confirmed,   
362,360,11,27/07/2022,1:15:43,15,362,PO Box 98614,894,401-51-2999,shipment confirmed,   
363,558,8,19/05/2022,23:16:47,37,363,5th Floor,613,693-55-0309,shipment confirmed,   
364,960,13,4/1/2023,0:37:23,63,364,17th Floor,590,163-08-8673,shipment confirmed,   
365,109,17,27/08/2022,7:20:01,8,365,Suite 2,26,724-80-5031,shipment confirmed,   
366,430,7,17/03/2022,12:36:52,94,366,Room 1539,234,129-43-8528,shipment confirmed,   
367,161,3,18/08/2022,14:54:20,66,367,PO Box 18587,893,686-27-8894,shipment confirmed,   
368,343,2,15/04/2022,3:07:32,98,368,11th Floor,463,857-55-3235,shipment confirmed,   
369,868,9,11/11/2022,14:38:11,85,369,PO Box 56344,810,350-96-3932,shipment confirmed,   
370,166,4,2/6/2022,2:12:51,91,370,12th Floor,615,831-16-9587,shipment confirmed,   
371,153,9,25/09/2022,0:19:35,21,371,Suite 38,740,513-84-1456,shipment confirmed,   
372,997,15,10/4/2022,12:44:16,69,372,Room 991,299,621-80-7523,shipment confirmed,   
373,424,5,6/3/2022,10:26:25,96,373,18th Floor,795,287-57-2358,shipment confirmed,   
374,882,16,22/07/2022,11:02:52,48,374,PO Box 96262,413,110-14-8866,shipment confirmed,   
375,628,3,1/4/2022,16:32:31,74,375,19th Floor,338,134-13-0063,shipment confirmed,   
376,669,12,16/10/2022,10:16:25,10,376,PO Box 9453,471,405-57-9256,shipment confirmed,   
377,289,13,11/1/2023,21:53:44,9,377,Suite 39,289,858-88-3730,shipment confirmed,   
378,826,4,30/05/2022,5:07:00,16,378,9th Floor,616,177-36-7040,shipment confirmed,   
379,944,8,9/3/2022,18:15:28,93,379,10th Floor,306,408-67-6214,shipment confirmed,   
380,533,2,13/01/2023,15:17:59,72,380,20th Floor,833,616-48-1702,shipment confirmed,   
381,114,6,31/12/2022,19:11:00,34,381,19th Floor,962,328-43-5891,shipment confirmed,   
382,644,14,6/2/2022,16:42:33,72,382,Apt 134,287,849-96-1077,shipment confirmed,   
383,794,10,10/6/2022,15:50:44,54,383,Room 670,489,468-67-6307,shipment confirmed,   
384,178,20,14/07/2022,5:58:32,72,384,Room 1409,366,583-93-7832,shipment confirmed,   
385,3,18,22/02/2022,21:09:35,81,385,Room 1381,62,816-18-8635,shipment confirmed,   
386,736,11,6/7/2022,11:52:31,65,386,Room 328,149,818-93-1089,shipment confirmed,   
387,677,19,29/09/2022,18:20:52,16,387,Suite 25,94,509-68-7493,shipment confirmed,   
388,148,1,21/10/2022,15:16:13,89,388,PO Box 9796,950,195-95-6068,shipment confirmed,   
389,20,17,4/3/2022,6:57:18,25,389,PO Box 9606,634,301-77-5466,shipment confirmed,   
390,450,7,7/2/2022,17:19:33,62,390,Apt 225,928,158-50-6603,shipment confirmed,   
391,708,6,25/07/2022,3:18:40,35,391,11th Floor,361,624-44-7493,shipment confirmed,   
392,329,18,17/11/2022,3:12:27,25,392,PO Box 32581,969,891-42-9630,shipment confirmed,   
393,453,14,8/4/2022,0:10:18,74,393,Suite 31,327,522-09-1051,shipment confirmed,   
394,930,19,5/1/2023,7:03:34,23,394,13th Floor,867,701-20-7507,shipment confirmed,   
395,821,16,9/4/2022,22:29:54,80,395,Suite 55,440,248-73-0138,shipment confirmed,   
396,642,5,31/12/2022,19:04:50,67,396,PO Box 38843,727,200-37-9701,shipment confirmed,   
397,684,8,9/11/2022,6:27:02,39,397,Suite 5,241,353-28-7222,shipment confirmed,   
398,258,4,7/7/2022,17:48:50,20,398,Suite 65,865,681-26-4155,shipment confirmed,   
399,165,2,16/03/2022,22:11:35,28,399,Suite 68,292,444-33-4536,shipment confirmed,   
400,221,11,23/07/2022,13:41:31,18,400,Suite 43,533,288-98-7572,shipment confirmed,   
401,150,12,26/05/2022,19:25:33,6,401,Suite 17,873,891-26-5533,shipment confirmed,   
402,482,3,15/02/2022,3:50:14,93,402,PO Box 57107,82,399-53-2872,shipment confirmed,   
403,942,9,25/03/2022,3:49:26,60,403,17th Floor,657,398-12-9164,shipment confirmed,   
404,606,7,9/11/2022,12:52:41,73,404,Suite 49,78,450-76-8309,shipment confirmed,   
405,779,1,1/9/2022,17:57:34,39,405,Apt 113,312,631-69-1377,shipment confirmed,   
406,982,17,12/6/2022,18:45:46,30,406,6th Floor,104,565-28-1623,shipment confirmed,   
407,344,11,30/01/2023,18:58:25,38,407,Apt 885,993,419-83-8089,shipment confirmed,   
408,667,15,20/09/2022,23:28:58,70,408,Room 197,162,578-72-0849,shipment confirmed,   
409,517,6,29/03/2022,8:26:05,94,409,20th Floor,760,825-45-8601,shipment confirmed,   
410,762,19,14/01/2023,11:57:29,28,410,Apt 581,961,143-52-5304,shipment confirmed,   
411,996,13,9/1/2023,0:40:41,19,411,PO Box 73436,154,538-09-4782,shipment confirmed,   
412,535,14,11/10/2022,0:13:08,65,412,Apt 584,60,698-96-1809,shipment confirmed,   
413,870,10,21/05/2022,13:38:43,81,413,Suite 68,848,320-03-9488,shipment confirmed,   
414,155,5,28/08/2022,19:16:37,88,414,Room 456,985,674-57-1838,shipment confirmed,   
415,170,2,30/01/2023,17:42:58,67,415,12th Floor,971,689-41-2869,shipment confirmed,   
416,118,20,20/12/2022,23:17:19,95,416,Apt 1109,831,210-34-5726,shipment confirmed,   
417,357,16,18/12/2022,19:47:47,19,417,PO Box 77525,414,765-54-7039,shipment confirmed,   
418,103,18,29/06/2022,1:03:58,25,418,Apt 1304,282,640-44-2639,shipment confirmed,   
419,481,4,19/08/2022,3:04:23,85,419,Apt 835,694,542-47-2258,shipment confirmed,   
420,466,8,1/1/2023,10:33:18,47,420,Apt 365,782,862-54-8002,shipment confirmed,   
421,306,17,7/10/2022,13:56:02,28,421,PO Box 67824,943,237-72-4522,shipment confirmed,   
422,43,9,22/04/2022,4:34:38,43,422,4th Floor,473,261-74-5852,shipment confirmed,   
423,44,20,28/05/2022,17:37:30,6,423,Suite 96,45,101-80-0014,shipment confirmed,   
424,730,2,6/2/2022,14:28:50,59,424,4th Floor,83,708-99-2223,shipment confirmed,   
425,712,4,11/6/2022,19:42:27,7,425,PO Box 45110,383,283-52-4174,shipment confirmed,   
426,621,14,18/09/2022,4:27:47,15,426,3rd Floor,859,808-33-4581,shipment confirmed,   
427,683,13,20/03/2022,16:04:33,83,427,Apt 1905,548,541-20-9005,shipment confirmed,   
428,821,1,22/01/2023,20:45:29,33,428,15th Floor,841,495-85-0760,shipment confirmed,   
429,910,18,29/12/2022,17:38:46,4,429,Suite 69,671,628-62-9871,shipment confirmed,   
430,262,16,15/09/2022,10:18:17,58,430,8th Floor,214,258-06-9544,shipment confirmed,   
431,868,19,1/7/2022,16:16:39,67,431,Room 800,722,535-36-4914,shipment confirmed,   
432,498,7,2/8/2022,9:54:58,59,432,Suite 59,876,490-30-4980,shipment confirmed,   
433,993,3,1/6/2022,12:55:17,29,433,Room 919,443,445-98-4296,shipment confirmed,   
434,370,15,18/06/2022,3:32:38,51,434,Suite 36,90,649-18-8948,shipment confirmed,   
435,713,6,17/07/2022,10:27:49,8,435,14th Floor,560,869-12-5443,shipment confirmed,   
436,448,10,19/04/2022,9:06:58,26,436,18th Floor,429,570-21-2543,shipment confirmed,   
437,223,12,9/1/2023,1:03:15,16,437,Room 73,692,254-63-4788,shipment confirmed,   
438,588,11,24/10/2022,14:21:06,26,438,Suite 32,331,462-39-8764,shipment confirmed,   
439,198,8,3/6/2022,15:43:53,81,439,Room 905,906,574-59-3004,shipment confirmed,   
440,143,5,5/2/2022,11:12:16,14,440,PO Box 9851,494,546-19-2419,shipment confirmed,   
441,270,18,18/04/2022,14:58:16,86,441,Apt 1276,279,594-07-6136,shipment confirmed,   
442,229,9,29/06/2022,0:01:28,48,442,1st Floor,87,142-94-2230,shipment confirmed,   
443,322,3,19/02/2022,2:44:49,59,443,Room 1948,770,821-13-6625,shipment confirmed,   
444,224,4,19/04/2022,11:53:33,60,444,1st Floor,380,844-89-2054,shipment confirmed,   
445,55,5,28/07/2022,16:18:12,33,445,Apt 640,304,219-32-7136,shipment confirmed,   
446,927,11,26/05/2022,3:38:04,34,446,PO Box 11620,639,713-74-8689,shipment confirmed,   
447,901,14,23/10/2022,1:20:48,93,447,PO Box 88997,276,764-50-0223,shipment confirmed,   
448,290,6,2/11/2022,7:49:00,14,448,Apt 165,291,328-47-3778,shipment confirmed,   
449,675,1,27/08/2022,3:15:15,6,449,Apt 1288,434,309-58-9832,shipment confirmed,   
450,914,8,27/08/2022,8:47:06,91,450,Suite 26,465,331-53-8801,shipment confirmed,   
451,871,4,14/01/2023,1:42:27,6,451,PO Box 71593,996,854-56-6035,shipment confirmed,   
452,446,1,14/11/2022,6:44:59,2,452,PO Box 68893,135,212-60-8703,shipment confirmed,   
453,630,19,16/02/2022,17:07:42,99,453,Room 1481,831,813-05-1410,shipment confirmed,   
454,927,14,15/02/2022,4:23:28,51,454,PO Box 19016,596,264-21-7632,shipment confirmed,   
455,232,2,7/10/2022,9:06:44,39,455,PO Box 5690,492,605-85-0069,shipment confirmed,   
456,396,17,11/6/2022,12:37:32,79,456,Apt 528,155,583-50-6981,shipment confirmed,   
457,807,18,5/9/2022,7:45:31,43,457,Room 1720,194,438-14-6058,shipment confirmed,   
458,376,11,7/2/2022,11:55:25,47,458,Room 620,435,751-89-3794,shipment confirmed,   
459,719,8,7/8/2022,11:55:41,66,459,PO Box 29446,182,899-29-9246,shipment confirmed,   
460,570,20,4/8/2022,5:10:05,99,460,Apt 1862,193,442-51-4312,shipment confirmed,   
461,769,7,18/05/2022,21:57:40,26,461,Room 1715,840,124-34-1841,shipment confirmed,   
462,941,15,14/07/2022,4:00:21,56,462,Apt 1626,736,753-75-5749,shipment confirmed,   
463,217,10,16/06/2022,2:14:15,92,463,Suite 18,17,695-40-2215,shipment confirmed,   
464,724,6,26/07/2022,22:27:35,49,464,Room 1870,442,672-66-0634,shipment confirmed,   
465,840,13,2/6/2022,6:03:56,69,465,Apt 1040,344,136-52-0823,shipment confirmed,   
466,415,9,24/08/2022,4:02:21,66,466,Apt 1822,562,145-67-0365,shipment confirmed,   
467,578,5,18/09/2022,18:44:07,40,467,PO Box 57444,417,542-13-8265,shipment confirmed,   
468,575,16,29/01/2023,13:41:19,4,468,PO Box 82433,400,664-30-7629,shipment confirmed,   
469,986,12,20/06/2022,9:14:46,77,469,7th Floor,698,242-12-8307,shipment confirmed,   
470,43,3,9/4/2022,2:03:54,97,470,Apt 76,251,343-51-8336,shipment confirmed,   
471,70,10,22/09/2022,5:50:36,21,471,Suite 79,157,396-96-6225,shipment confirmed,   
472,75,5,27/12/2022,11:52:12,66,472,18th Floor,215,816-44-4767,shipment confirmed,   
473,700,6,22/06/2022,5:32:01,61,473,Apt 631,783,824-58-0331,shipment confirmed,   
474,950,17,24/10/2022,22:28:24,29,474,Suite 84,488,719-74-4623,shipment confirmed,   
475,612,9,5/10/2022,12:02:05,53,475,9th Floor,133,690-27-7636,shipment confirmed,   
476,705,19,20/11/2022,3:27:31,72,476,Apt 1301,584,315-42-5572,shipment confirmed,   
477,23,8,10/9/2022,23:17:03,48,477,PO Box 21049,138,694-01-8039,shipment confirmed,   
478,560,13,6/12/2022,20:51:56,60,478,18th Floor,270,550-19-5986,shipment confirmed,   
479,513,1,10/7/2022,22:46:41,43,479,Suite 94,904,461-72-7747,shipment confirmed,   
480,637,12,15/03/2022,5:47:16,12,480,Room 501,40,540-17-7875,shipment confirmed,   
481,850,4,17/06/2022,21:54:33,6,481,Apt 1245,762,162-20-6075,shipment confirmed,   
482,6,3,7/12/2022,23:50:31,98,482,Suite 33,742,584-55-3155,shipment confirmed,   
483,464,2,9/3/2022,2:27:10,99,483,5th Floor,630,242-62-3320,shipment confirmed,   
484,188,15,15/03/2022,20:47:16,40,484,Apt 1016,443,181-32-3560,shipment confirmed,   
485,669,20,16/03/2022,0:00:44,36,485,PO Box 37597,399,471-77-9732,shipment confirmed,   
486,677,14,28/02/2022,21:38:36,21,486,Apt 520,453,474-50-8344,shipment confirmed,   
487,246,7,1/4/2022,3:51:52,55,487,2nd Floor,330,241-88-2484,shipment confirmed,   
488,197,11,20/10/2022,11:09:35,47,488,PO Box 90762,419,648-88-6771,shipment confirmed,   
489,887,16,10/12/2022,14:20:22,5,489,7th Floor,47,274-16-1266,shipment confirmed,   
490,958,18,28/05/2022,21:29:32,92,490,Suite 54,695,293-17-7204,shipment confirmed,   
491,588,12,13/08/2022,15:30:35,98,491,Room 809,707,290-84-9891,shipment confirmed,   
492,266,4,21/01/2023,10:28:00,72,492,Room 1950,207,512-91-9524,shipment confirmed,   
493,540,18,20/01/2023,21:43:59,53,493,Suite 10,673,155-43-7659,shipment confirmed,   
494,33,15,4/7/2022,3:12:08,78,494,Suite 93,861,694-63-0909,shipment confirmed,   
495,208,3,12/7/2022,10:22:03,5,495,Room 222,764,463-36-0171,shipment confirmed,   
496,487,8,16/07/2022,21:24:32,39,496,17th Floor,173,474-76-7789,shipment confirmed,   
497,870,16,15/05/2022,5:29:02,76,497,Room 1812,222,669-85-4754,shipment confirmed,   
498,210,2,5/6/2022,8:19:45,87,498,Room 756,640,395-88-3516,shipment confirmed,   
499,34,7,29/09/2022,23:16:53,66,499,10th Floor,994,337-29-2577,shipment confirmed,   
500,567,20,28/10/2022,17:13:12,49,500,Apt 430,708,629-51-8058,shipment confirmed,   
501,154,16,2/8/2022,5:23:21,44,501,Suite 63,750,475-37-7568,shipment confirmed,   
502,144,10,7/9/2022,3:21:41,66,502,Suite 16,71,744-59-1740,shipment confirmed,   
503,429,12,29/04/2022,12:26:03,84,503,PO Box 73378,573,698-01-5417,shipment confirmed,   
504,760,17,27/02/2022,0:20:01,86,504,PO Box 14157,761,504-93-3475,shipment confirmed,   
505,586,19,15/05/2022,10:39:22,34,505,Suite 63,263,533-52-5354,shipment confirmed,   
506,458,1,17/02/2022,17:56:10,28,506,19th Floor,752,160-20-1527,shipment confirmed,   
507,773,9,7/7/2022,10:57:02,85,507,Room 1126,113,817-40-2933,shipment confirmed,   
508,243,3,26/04/2022,10:27:38,96,508,Apt 1324,963,859-10-4255,shipment confirmed,   
509,823,6,2/6/2022,16:15:23,68,509,Room 392,27,558-03-4726,shipment confirmed,   
510,720,18,9/6/2022,21:05:06,65,510,1st Floor,42,863-90-4115,shipment confirmed,   
511,821,15,14/05/2022,22:53:59,87,511,3rd Floor,211,220-39-6443,shipment confirmed,   
512,174,13,30/08/2022,4:02:28,14,512,5th Floor,549,466-68-7000,shipment confirmed,   
513,206,5,11/11/2022,12:17:34,83,513,10th Floor,817,524-25-7062,shipment confirmed,   
514,184,11,13/01/2023,14:59:21,23,514,Room 162,317,189-81-3154,shipment confirmed,   
515,912,7,25/10/2022,5:17:38,20,515,Room 1816,331,828-92-1638,shipment confirmed,   
516,829,20,14/07/2022,22:00:38,12,516,6th Floor,552,719-44-8134,shipment confirmed,   
517,868,2,1/10/2022,19:14:22,83,517,Apt 717,10,376-65-7384,shipment confirmed,   
518,652,14,7/7/2022,15:14:43,7,518,Apt 1759,393,617-80-0353,shipment confirmed,   
519,463,8,22/07/2022,2:15:12,35,519,PO Box 63038,236,118-63-2122,shipment confirmed,   
520,241,4,6/5/2022,12:02:38,79,520,Apt 640,308,803-60-7130,shipment confirmed,   
521,599,14,7/6/2022,13:58:32,77,521,Apt 1174,143,708-74-6047,shipment confirmed,   
522,275,19,5/8/2022,0:51:39,42,522,Suite 71,758,693-26-1101,shipment confirmed,   
523,572,18,22/11/2022,17:44:02,35,523,Suite 10,979,553-86-5252,shipment confirmed,   
524,695,12,13/10/2022,2:09:21,21,524,Suite 54,862,637-27-2030,shipment confirmed,   
525,133,16,23/05/2022,17:38:34,70,525,11th Floor,805,463-66-8437,shipment confirmed,   
526,874,7,24/03/2022,15:02:22,83,526,Suite 79,436,803-81-7147,shipment confirmed,   
527,153,20,29/09/2022,3:38:55,30,527,13th Floor,439,801-03-5125,shipment confirmed,   
528,227,5,10/5/2022,18:04:56,41,528,PO Box 96142,214,844-60-3381,shipment confirmed,   
529,168,9,16/01/2023,16:12:54,9,529,Apt 1429,398,690-01-2937,shipment confirmed,   
530,422,3,6/7/2022,20:28:37,79,530,Apt 1426,192,265-65-7774,shipment confirmed,   
531,824,1,5/10/2022,6:59:21,56,531,Apt 1967,235,312-93-4253,shipment confirmed,   
532,80,2,30/01/2023,9:36:26,24,532,Apt 1705,5,230-21-3456,shipment confirmed,   
533,606,11,25/03/2022,18:17:47,17,533,Apt 1980,922,852-73-3383,shipment confirmed,   
534,634,8,23/11/2022,0:17:35,85,534,Room 1935,352,282-66-1808,shipment confirmed,   
535,263,17,30/03/2022,12:51:40,9,535,Suite 64,304,144-22-5321,shipment confirmed,   
536,816,4,20/07/2022,2:02:39,81,536,Room 1161,981,852-88-0372,shipment confirmed,   
537,335,10,1/12/2022,0:14:20,36,537,PO Box 7082,709,127-84-2607,shipment confirmed,   
538,56,6,11/1/2023,11:48:44,24,538,Room 1760,412,360-47-7632,shipment confirmed,   
539,628,15,28/04/2022,14:16:20,78,539,Apt 14,49,393-51-5295,shipment confirmed,   
540,984,13,2/5/2022,14:29:04,85,540,Apt 636,319,215-23-0709,shipment confirmed,   
541,253,16,4/3/2022,16:03:08,18,541,Apt 379,485,482-09-0270,shipment confirmed,   
542,705,12,15/06/2022,11:04:44,66,542,Room 1738,248,435-72-6141,shipment confirmed,   
543,852,17,1/5/2022,13:40:43,32,543,Room 571,264,513-12-0470,shipment confirmed,   
544,593,10,11/3/2022,4:10:15,46,544,Suite 45,742,374-45-1966,shipment confirmed,   
545,270,13,17/12/2022,9:55:23,79,545,Suite 18,123,685-29-5658,shipment confirmed,   
546,543,18,15/07/2022,20:31:49,22,546,12th Floor,747,529-70-0465,shipment confirmed,   
547,521,6,22/06/2022,6:27:11,46,547,Apt 293,11,222-91-2087,shipment confirmed,   
548,310,1,18/12/2022,11:25:54,29,548,Apt 958,380,708-48-8175,shipment confirmed,   
549,11,5,17/04/2022,17:47:30,81,549,Apt 750,818,465-53-6214,shipment confirmed,   
550,296,19,17/11/2022,9:56:40,28,550,Room 1782,289,416-10-4818,shipment confirmed,   
551,769,18,31/10/2022,19:07:49,49,551,PO Box 95431,117,270-87-0873,shipment confirmed,   
552,878,5,1/2/2023,9:59:52,14,552,20th Floor,416,810-99-2054,shipment confirmed,   
553,613,12,19/01/2023,11:07:35,71,553,14th Floor,998,556-89-8582,shipment confirmed,   
554,183,7,29/01/2023,16:54:23,38,554,Suite 93,358,871-50-3163,shipment confirmed,   
555,939,4,10/5/2022,0:59:49,80,555,PO Box 81940,859,621-50-8429,shipment confirmed,   
556,470,1,12/5/2022,20:28:34,69,556,Room 1183,844,259-38-5211,shipment confirmed,   
557,59,16,6/3/2022,23:09:58,45,557,Suite 86,645,685-09-3461,shipment confirmed,   
558,478,10,23/06/2022,4:58:11,86,558,Room 155,451,785-84-6567,shipment confirmed,   
559,332,6,3/10/2022,20:14:53,97,559,Apt 1646,295,288-60-4920,shipment confirmed,   
560,499,17,5/10/2022,11:39:15,96,560,Suite 28,7,785-71-4173,shipment confirmed,   
561,413,19,12/6/2022,21:06:28,83,561,Room 651,234,863-28-4144,shipment confirmed,   
562,383,8,6/2/2022,9:05:09,53,562,Apt 1345,377,102-68-2398,shipment confirmed,   
563,112,11,16/05/2022,3:34:57,69,563,2nd Floor,446,472-79-4113,shipment confirmed,   
564,550,14,19/08/2022,5:00:32,38,564,8th Floor,103,603-25-2269,shipment confirmed,   
565,272,13,18/05/2022,20:42:19,50,565,PO Box 51590,124,335-23-7831,shipment confirmed,   
566,51,15,31/12/2022,7:38:40,65,566,Suite 1,687,745-86-7372,shipment confirmed,   
567,758,2,9/1/2023,5:45:25,65,567,Suite 37,138,209-01-0090,shipment confirmed,   
568,1000,20,7/7/2022,0:52:26,48,568,Suite 78,428,770-03-0972,shipment confirmed,   
569,672,9,6/4/2022,14:56:39,28,569,PO Box 24270,278,773-88-3325,shipment confirmed,   
570,394,3,12/9/2022,12:38:36,83,570,PO Box 14683,855,324-35-0429,shipment confirmed,   
571,972,3,18/02/2022,4:06:50,54,571,Apt 254,132,848-58-4908,shipment confirmed,   
572,60,13,13/01/2023,11:06:53,30,572,Room 1081,331,750-07-5210,shipment confirmed,   
573,583,12,2/2/2023,3:14:18,44,573,6th Floor,107,489-23-9645,shipment confirmed,   
574,505,15,25/01/2023,5:39:56,6,574,Room 700,327,141-93-1003,shipment confirmed,   
575,816,19,23/07/2022,15:23:21,26,575,Apt 237,247,473-61-7434,shipment confirmed,   
576,400,20,22/07/2022,4:24:51,16,576,PO Box 49612,150,602-90-4642,shipment confirmed,   
577,580,16,16/05/2022,17:54:23,15,577,PO Box 46162,298,498-57-7895,shipment confirmed,   
578,522,14,27/12/2022,4:57:57,64,578,5th Floor,680,574-62-2018,shipment confirmed,   
579,512,18,28/08/2022,10:03:30,93,579,Suite 43,414,605-52-3750,shipment confirmed,   
580,450,10,16/10/2022,5:41:25,34,580,Suite 46,344,737-99-6495,shipment confirmed,   
581,528,17,7/11/2022,15:23:22,9,581,Apt 1100,325,662-97-4680,shipment confirmed,   
582,823,5,15/06/2022,3:49:57,8,582,PO Box 39648,950,119-72-2738,shipment confirmed,   
583,105,1,28/07/2022,18:05:21,1,583,11th Floor,551,834-92-3506,shipment confirmed,   
584,578,7,2/1/2023,4:47:22,8,584,Apt 1564,604,768-40-9664,shipment confirmed,   
585,366,9,3/5/2022,15:11:51,5,585,Apt 1869,178,367-84-1024,shipment confirmed,   
586,660,11,2/5/2022,3:49:44,86,586,17th Floor,421,685-46-4631,shipment confirmed,   
587,562,6,4/10/2022,5:58:00,59,587,PO Box 88158,913,494-36-5874,shipment confirmed,   
588,548,2,3/12/2022,18:24:24,80,588,Suite 31,686,499-38-3813,shipment confirmed,   
589,590,4,4/3/2022,2:42:24,78,589,5th Floor,902,566-29-3449,shipment confirmed,   
590,879,8,2/10/2022,23:33:21,79,590,Apt 896,340,830-06-0049,shipment confirmed,   
591,222,19,8/11/2022,0:10:40,81,591,PO Box 13778,291,633-43-6476,shipment confirmed,   
592,709,12,13/02/2022,21:11:33,18,592,Room 886,894,788-73-2284,shipment confirmed,   
593,603,20,29/03/2022,14:11:48,18,593,Apt 723,366,540-31-0357,shipment confirmed,   
594,663,14,12/4/2022,9:57:49,27,594,PO Box 42297,460,442-75-1247,shipment confirmed,   
595,237,9,18/04/2022,19:04:44,68,595,5th Floor,550,731-62-5037,shipment confirmed,   
596,69,11,28/07/2022,19:09:54,62,596,Suite 36,444,422-04-4319,shipment confirmed,   
597,581,17,12/5/2022,10:15:59,30,597,Room 260,757,422-76-2799,shipment confirmed,   
598,210,7,17/09/2022,12:13:47,59,598,Room 1720,11,309-65-9087,shipment confirmed,   
599,702,5,31/03/2022,6:49:37,61,599,Room 1790,471,102-64-9781,shipment confirmed,   
600,783,1,2/2/2023,10:11:18,74,600,1st Floor,553,820-90-4939,shipment confirmed,   
601,710,20,1/4/2022,4:03:17,71,601,Apt 1313,254,496-79-6987,shipment confirmed,   
602,511,7,22/04/2022,18:06:56,60,602,15th Floor,163,370-30-7355,shipment confirmed,   
603,229,1,10/8/2022,9:19:39,92,603,Room 389,203,297-20-0053,shipment confirmed,   
604,939,13,20/11/2022,7:58:47,75,604,Apt 685,390,635-89-5427,shipment confirmed,   
605,555,2,24/08/2022,21:44:58,100,605,Suite 72,367,282-96-3576,shipment confirmed,   
606,582,8,24/11/2022,18:33:46,59,606,Apt 763,757,488-98-6005,shipment confirmed,   
607,663,17,28/09/2022,16:27:26,57,607,Suite 22,562,827-96-0645,shipment confirmed,   
608,925,18,13/03/2022,4:06:01,2,608,PO Box 93728,443,160-29-9565,shipment confirmed,   
609,289,5,23/06/2022,21:14:01,70,609,12th Floor,31,790-30-6071,shipment confirmed,   
610,1,4,9/4/2022,3:52:54,74,610,8th Floor,497,294-17-5375,shipment confirmed,   
611,839,11,27/02/2022,6:10:23,61,611,PO Box 2749,302,229-83-6486,shipment confirmed,   
612,142,19,7/6/2022,0:41:46,6,612,Apt 156,332,391-10-4311,shipment confirmed,   
613,987,16,13/08/2022,5:46:05,82,613,Apt 480,206,410-26-7907,shipment confirmed,   
614,945,14,6/5/2022,11:35:59,72,614,Apt 1370,153,302-49-2765,shipment confirmed,   
615,405,15,18/02/2022,17:07:49,61,615,4th Floor,445,193-50-7332,shipment confirmed,   
616,633,9,14/02/2022,13:11:19,3,616,2nd Floor,926,209-57-6608,shipment confirmed,   
617,683,12,7/3/2022,14:57:30,61,617,Suite 33,557,819-87-7339,shipment confirmed,   
618,709,3,22/11/2022,20:17:36,33,618,Room 1931,949,865-51-5750,shipment confirmed,   
619,164,6,16/07/2022,8:04:21,55,619,Room 1012,640,648-24-2007,shipment confirmed,   
620,88,10,11/1/2023,3:06:18,16,620,Suite 38,328,398-57-1896,shipment confirmed,   
621,385,13,13/05/2022,14:52:56,16,621,3rd Floor,171,655-05-0124,shipment confirmed,   
622,250,7,7/4/2022,7:47:49,58,622,Room 480,999,747-20-4020,shipment confirmed,   
623,107,9,17/06/2022,15:37:20,70,623,Suite 54,75,593-98-9676,shipment confirmed,   
624,524,11,30/11/2022,16:51:51,44,624,Suite 29,593,487-44-0296,shipment confirmed,   
625,937,18,15/09/2022,2:06:10,2,625,PO Box 17854,758,219-32-0351,shipment confirmed,   
626,787,14,1/10/2022,16:28:32,95,626,Apt 617,64,231-31-1327,shipment confirmed,   
627,757,8,3/2/2022,21:36:08,66,627,5th Floor,198,638-63-4517,shipment confirmed,   
628,540,17,14/12/2022,20:35:32,6,628,Apt 1658,77,394-13-0822,shipment confirmed,   
629,418,12,2/6/2022,19:01:48,95,629,PO Box 33017,863,796-79-7833,shipment confirmed,   
630,529,6,26/06/2022,13:49:10,45,630,Suite 37,793,689-15-0847,shipment confirmed,   
631,878,15,5/3/2022,23:05:04,80,631,PO Box 51802,568,269-72-2704,shipment confirmed,   
632,565,1,27/07/2022,3:04:01,47,632,PO Box 47370,614,451-80-6245,shipment confirmed,   
633,154,20,16/07/2022,0:23:36,95,633,Apt 1893,121,206-22-6451,shipment confirmed,   
634,762,3,28/12/2022,18:21:33,93,634,14th Floor,707,891-52-4875,shipment confirmed,   
635,946,16,19/12/2022,3:52:31,3,635,12th Floor,168,311-46-8695,shipment confirmed,   
636,73,4,5/3/2022,16:18:57,88,636,Suite 5,424,142-13-3383,shipment confirmed,   
637,662,5,31/03/2022,8:43:32,38,637,PO Box 62906,214,568-16-2543,shipment confirmed,   
638,84,19,18/10/2022,4:02:09,76,638,20th Floor,800,691-55-3131,shipment confirmed,   
639,609,2,15/07/2022,13:16:29,6,639,8th Floor,202,779-72-0712,shipment confirmed,   
640,315,10,10/10/2022,12:08:44,59,640,Room 724,694,808-21-5669,shipment confirmed,   
641,380,18,6/1/2023,19:05:28,85,641,Apt 955,301,719-93-0746,shipment confirmed,   
642,951,9,16/07/2022,17:43:43,91,642,Room 681,942,304-54-3121,shipment confirmed,   
643,3,10,14/10/2022,13:42:21,8,643,PO Box 52045,540,856-20-6181,shipment confirmed,   
644,246,15,30/05/2022,12:27:56,30,644,19th Floor,488,343-95-4127,shipment confirmed,   
645,392,3,18/01/2023,17:47:49,92,645,Room 625,644,629-32-2202,shipment confirmed,   
646,793,4,20/08/2022,13:28:16,71,646,Apt 18,576,107-23-8830,shipment confirmed,   
647,470,19,21/11/2022,4:30:14,15,647,14th Floor,885,711-45-6947,shipment confirmed,   
648,518,14,8/5/2022,20:32:25,57,648,7th Floor,767,749-01-3326,shipment confirmed,   
649,510,8,12/9/2022,0:52:28,62,649,PO Box 24946,6,355-96-3527,shipment confirmed,   
650,27,16,5/1/2023,8:35:32,25,650,Suite 26,166,111-84-8028,shipment confirmed,   
651,958,1,22/12/2022,20:46:32,3,651,PO Box 202,860,408-51-9522,shipment confirmed,   
652,50,19,2/7/2022,21:01:46,97,652,10th Floor,787,771-11-2292,shipment confirmed,   
653,498,17,10/5/2022,17:48:31,69,653,Apt 130,274,433-75-5314,shipment confirmed,   
654,267,9,18/02/2022,18:48:39,23,654,Room 1637,244,461-17-5823,shipment confirmed,   
655,888,12,26/06/2022,6:05:51,18,655,Apt 1312,682,371-52-6518,shipment confirmed,   
656,361,5,7/4/2022,16:27:31,63,656,PO Box 30363,672,793-13-7272,shipment confirmed,   
657,624,20,23/07/2022,19:24:45,35,657,Suite 51,568,796-71-3232,shipment confirmed,   
658,165,2,30/04/2022,23:14:16,100,658,3rd Floor,318,878-51-0721,shipment confirmed,   
659,764,15,2/12/2022,13:46:10,20,659,Apt 172,935,754-88-0231,shipment confirmed,   
660,291,6,27/08/2022,4:41:39,15,660,Suite 4,924,760-65-2164,shipment confirmed,   
661,318,11,1/11/2022,6:50:36,39,661,Room 113,747,270-42-3097,shipment confirmed,   
662,999,4,31/07/2022,14:34:58,78,662,Suite 36,148,182-57-0636,shipment confirmed,   
663,238,16,17/05/2022,10:40:32,85,663,12th Floor,569,677-84-2612,shipment confirmed,   
664,838,7,29/10/2022,19:01:05,60,664,Room 1308,512,135-28-3540,shipment confirmed,   
665,746,14,21/04/2022,10:53:52,74,665,PO Box 57838,780,383-63-6878,shipment confirmed,   
666,266,3,16/01/2023,1:31:38,28,666,Apt 124,235,558-50-3298,shipment confirmed,   
667,813,18,5/1/2023,4:02:28,53,667,PO Box 18084,872,387-71-8774,shipment confirmed,   
668,273,10,9/11/2022,13:27:46,29,668,Apt 1619,243,839-33-9507,shipment confirmed,   
669,233,8,29/12/2022,4:02:35,26,669,Room 726,488,879-94-3473,shipment confirmed,   
670,134,13,25/02/2022,7:44:57,38,670,19th Floor,123,182-42-5340,shipment confirmed,   
671,116,12,17/07/2022,13:22:18,92,671,11th Floor,928,137-01-6046,shipment confirmed,   
672,908,14,23/02/2022,6:47:38,83,672,Room 1037,505,525-12-8763,shipment confirmed,   
673,407,1,7/2/2022,15:59:27,39,673,Room 890,370,259-74-3071,shipment confirmed,   
674,79,8,13/04/2022,17:11:57,73,674,Suite 12,196,172-41-1478,shipment confirmed,   
675,559,18,8/9/2022,7:27:44,16,675,PO Box 35858,836,134-44-5116,shipment confirmed,   
676,376,19,12/9/2022,20:12:45,100,676,18th Floor,259,606-89-5696,shipment confirmed,   
677,430,13,20/02/2022,19:12:54,6,677,Room 1546,757,467-94-4592,shipment confirmed,   
678,245,3,19/11/2022,19:25:28,73,678,PO Box 18261,268,657-61-8905,shipment confirmed,   
679,875,4,18/11/2022,2:20:45,33,679,Room 1786,706,237-48-5381,shipment confirmed,   
680,391,15,16/03/2022,7:55:58,79,680,Suite 23,646,583-85-7537,shipment confirmed,   
681,820,20,25/02/2022,19:50:56,69,681,Suite 36,691,723-78-2688,shipment confirmed,   
682,608,6,26/12/2022,3:03:36,44,682,Apt 1578,4,617-02-2623,shipment confirmed,   
683,593,17,30/07/2022,0:26:37,52,683,Room 396,862,161-15-7006,shipment confirmed,   
684,514,5,12/8/2022,17:58:16,21,684,Suite 15,247,664-60-5939,shipment confirmed,   
685,356,16,27/11/2022,12:04:41,63,685,Suite 35,742,518-64-9778,shipment confirmed,   
686,831,9,6/10/2022,4:33:59,8,686,PO Box 64518,37,117-62-7360,shipment confirmed,   
687,883,2,3/6/2022,4:34:34,91,687,PO Box 38239,94,407-58-5810,shipment confirmed,   
688,293,11,24/01/2023,14:46:55,55,688,18th Floor,324,746-26-8268,shipment confirmed,   
689,477,7,9/1/2023,18:57:13,88,689,PO Box 38442,433,234-23-4638,shipment confirmed,   
690,524,10,8/12/2022,0:12:27,100,690,Apt 1107,753,667-57-8964,shipment confirmed,   
691,100,6,26/03/2022,9:50:21,25,691,PO Box 84498,732,202-53-0160,shipment confirmed,   
692,691,18,18/04/2022,22:25:48,63,692,Apt 1485,976,288-81-1441,shipment confirmed,   
693,778,5,31/10/2022,20:58:49,4,693,Room 1828,203,623-12-2889,shipment confirmed,   
694,149,19,22/01/2023,1:48:04,77,694,18th Floor,635,501-26-4220,shipment confirmed,   
695,219,9,22/12/2022,20:11:13,34,695,5th Floor,54,554-13-6436,shipment confirmed,   
696,160,14,2/9/2022,22:29:13,5,696,Suite 41,69,446-05-3533,shipment confirmed,   
697,425,10,2/8/2022,14:35:54,51,697,12th Floor,967,426-12-7802,shipment confirmed,   
698,810,20,10/11/2022,1:06:47,21,698,16th Floor,722,313-99-7638,shipment confirmed,   
699,597,17,11/7/2022,21:10:46,98,699,Apt 805,289,408-36-0721,shipment confirmed,   
700,373,15,9/5/2022,11:30:34,92,700,PO Box 87295,843,391-66-7269,shipment confirmed,   
701,937,8,1/11/2022,15:49:55,90,701,Apt 1892,616,420-60-4217,shipment confirmed,   
702,127,11,25/06/2022,17:47:53,48,702,Apt 515,708,346-87-1119,shipment confirmed,   
703,972,6,7/5/2022,22:48:22,12,703,Apt 1330,948,601-59-8299,shipment confirmed,   
704,184,12,29/04/2022,2:21:11,13,704,6th Floor,216,551-52-1318,shipment confirmed,   
705,740,13,30/09/2022,10:02:20,10,705,Apt 1307,111,545-08-9626,shipment confirmed,   
706,323,7,18/05/2022,15:45:05,6,706,Apt 1089,914,505-49-3869,shipment confirmed,   
707,697,5,20/12/2022,23:08:33,40,707,Apt 313,410,600-67-0854,shipment confirmed,   
708,143,14,29/08/2022,15:08:48,12,708,Room 1776,123,275-45-9980,shipment confirmed,   
709,228,9,26/05/2022,9:15:09,7,709,PO Box 93235,520,854-05-2873,shipment confirmed,   
710,981,10,4/2/2022,14:20:55,12,710,Apt 923,171,300-83-8573,shipment confirmed,   
711,188,18,17/10/2022,14:41:45,95,711,PO Box 69303,890,228-36-2053,shipment confirmed,   
712,103,20,22/06/2022,20:09:31,84,712,Suite 50,919,794-36-3877,shipment confirmed,   
713,250,2,11/3/2022,2:16:58,46,713,Apt 1434,450,792-79-7790,shipment confirmed,   
714,991,17,12/3/2022,19:29:31,3,714,9th Floor,305,243-67-0750,shipment confirmed,   
715,232,16,13/06/2022,21:50:31,70,715,Suite 44,238,782-17-1212,shipment confirmed,   
716,249,3,24/01/2023,1:33:02,46,716,17th Floor,685,557-99-9612,shipment confirmed,   
717,538,19,11/10/2022,22:10:05,41,717,PO Box 93839,659,732-21-8449,shipment confirmed,   
718,639,15,3/8/2022,9:58:54,18,718,19th Floor,412,202-83-3669,shipment confirmed,   
719,175,1,14/12/2022,23:09:48,78,719,PO Box 84655,56,403-30-5361,shipment confirmed,   
720,541,4,5/2/2022,1:02:12,6,720,Apt 269,294,441-70-3673,shipment confirmed,   
721,530,4,16/06/2022,15:30:42,8,721,Room 1794,437,729-33-7697,shipment confirmed,   
722,206,20,28/06/2022,20:31:41,59,722,PO Box 73651,366,817-61-1177,shipment confirmed,   
723,90,7,18/01/2023,19:09:29,34,723,Apt 390,927,321-15-7957,shipment confirmed,   
724,148,5,18/07/2022,6:59:44,95,724,Suite 41,737,534-21-2356,shipment confirmed,   
725,258,10,13/04/2022,14:28:39,44,725,1st Floor,182,177-57-0367,shipment confirmed,   
726,501,15,22/02/2022,14:07:30,97,726,Apt 144,852,143-91-5730,shipment confirmed,   
727,294,3,18/05/2022,4:43:10,58,727,PO Box 9149,633,527-86-7870,shipment confirmed,   
728,180,6,19/12/2022,4:21:44,93,728,Apt 419,46,811-19-3060,shipment confirmed,   
729,924,16,16/10/2022,17:28:28,40,729,Apt 1123,251,389-92-7441,shipment confirmed,   
730,123,2,17/05/2022,20:39:21,1,730,Room 557,909,539-47-9537,shipment confirmed,   
731,417,11,2/2/2023,17:20:08,47,731,3rd Floor,949,144-56-6858,shipment confirmed,   
732,777,9,14/04/2022,1:32:35,37,732,Apt 1909,885,891-71-1367,shipment confirmed,   
733,58,14,24/01/2023,15:36:05,87,733,Suite 7,208,654-27-5391,shipment confirmed,   
734,410,19,13/06/2022,9:40:21,35,734,PO Box 41631,548,888-23-7821,shipment confirmed,   
735,646,13,29/09/2022,14:32:08,48,735,PO Box 80546,403,841-18-0128,shipment confirmed,   
736,142,12,9/8/2022,17:46:43,24,736,Room 1446,766,270-53-4487,shipment confirmed,   
737,28,8,14/10/2022,5:47:04,19,737,20th Floor,816,489-34-4435,shipment confirmed,   
738,388,1,27/08/2022,0:00:05,99,738,5th Floor,44,240-81-7802,shipment confirmed,   
739,204,17,3/2/2022,7:14:50,79,739,Suite 48,93,456-45-1196,shipment confirmed,   
740,259,18,6/8/2022,5:34:59,31,740,Apt 69,150,612-33-3859,shipment confirmed,   
741,393,16,22/05/2022,7:28:35,79,741,PO Box 57972,229,719-17-0557,shipment confirmed,   
742,667,17,29/06/2022,19:58:17,80,742,6th Floor,911,600-30-8398,shipment confirmed,   
743,531,12,2/9/2022,10:24:25,73,743,Apt 472,20,390-13-6310,shipment confirmed,   
744,446,18,4/11/2022,7:04:59,72,744,Apt 349,367,175-28-6825,shipment confirmed,   
745,363,3,17/07/2022,8:30:27,10,745,Suite 98,115,533-88-9621,shipment confirmed,   
746,669,19,14/09/2022,21:59:25,39,746,16th Floor,276,513-10-1515,shipment confirmed,   
747,729,5,16/08/2022,6:37:22,97,747,PO Box 52567,596,305-75-6612,shipment confirmed,   
748,55,6,19/07/2022,23:29:32,22,748,Room 1545,402,303-83-2466,shipment confirmed,   
749,856,13,2/9/2022,15:56:17,44,749,4th Floor,245,763-48-6996,shipment confirmed,   
750,260,10,4/10/2022,12:37:16,10,750,PO Box 71925,135,395-26-1171,shipment confirmed,   
751,204,4,29/12/2022,2:05:02,75,751,Room 823,592,457-92-2214,shipment confirmed,   
752,589,5,27/02/2022,20:40:58,13,752,19th Floor,140,838-65-1560,shipment confirmed,   
753,841,18,27/02/2022,17:13:54,74,753,Room 371,151,236-08-7329,shipment confirmed,   
754,642,16,27/11/2022,21:07:46,43,754,Suite 74,827,446-31-8434,shipment confirmed,   
755,66,7,25/02/2022,0:29:38,95,755,Suite 11,67,488-55-7611,shipment confirmed,   
756,454,11,9/8/2022,7:10:52,100,756,Room 1633,36,722-98-6353,shipment confirmed,   
757,46,15,5/9/2022,0:57:28,3,757,Apt 1342,95,198-43-9402,shipment confirmed,   
758,206,12,20/02/2022,22:30:33,93,758,Suite 39,357,444-15-6036,shipment confirmed,   
759,682,9,21/06/2022,5:12:16,38,759,Apt 404,193,313-74-0588,shipment confirmed,   
760,776,6,25/05/2022,16:54:19,26,760,PO Box 58900,783,103-66-7689,shipment confirmed,   
761,458,17,6/11/2022,12:58:28,96,761,19th Floor,656,825-05-4452,shipment confirmed,   
762,83,13,21/09/2022,0:45:38,32,762,PO Box 97284,92,264-37-6581,shipment confirmed,   
763,855,14,18/08/2022,14:54:58,1,763,10th Floor,190,238-42-8896,shipment confirmed,   
764,435,8,4/5/2022,14:00:52,78,764,8th Floor,934,293-98-4111,shipment confirmed,   
765,888,20,9/12/2022,4:04:18,41,765,4th Floor,538,875-53-5639,shipment confirmed,   
766,438,10,19/08/2022,3:31:09,42,766,Apt 1461,606,618-06-2497,shipment confirmed,   
767,385,19,21/11/2022,23:48:40,64,767,Suite 52,952,295-14-4750,shipment confirmed,   
768,230,1,20/05/2022,22:51:56,55,768,2nd Floor,713,305-62-1197,shipment confirmed,   
769,270,3,28/03/2022,0:22:25,6,769,16th Floor,176,229-29-9481,shipment confirmed,   
770,350,2,3/12/2022,17:05:34,73,770,Apt 1284,40,644-95-1199,shipment confirmed,   
771,826,14,11/8/2022,8:22:02,76,771,PO Box 86924,160,468-17-7427,shipment confirmed,   
772,511,20,23/06/2022,22:13:58,3,772,Suite 24,203,211-90-9336,shipment confirmed,   
773,205,4,29/10/2022,16:21:51,6,773,Apt 159,743,670-13-1090,shipment confirmed,   
774,980,9,24/05/2022,11:45:39,99,774,Apt 1749,767,575-03-9875,shipment confirmed,   
775,341,11,10/4/2022,12:05:35,46,775,Apt 1048,271,755-47-4557,shipment confirmed,   
776,997,19,23/02/2022,23:14:55,39,776,Room 520,522,376-12-7704,shipment confirmed,   
777,847,10,27/11/2022,11:06:16,69,777,Apt 266,766,255-77-1953,shipment confirmed,   
778,253,8,8/7/2022,17:54:08,18,778,2nd Floor,204,680-01-6601,shipment confirmed,   
779,507,5,16/12/2022,7:52:49,74,779,12th Floor,734,648-75-3926,shipment confirmed,   
780,778,15,13/04/2022,6:09:05,9,780,2nd Floor,350,534-63-4720,shipment confirmed,   
781,581,13,21/10/2022,5:05:18,49,781,Suite 53,668,310-59-5623,shipment confirmed,   
782,463,7,13/06/2022,0:02:04,70,782,19th Floor,547,806-22-5695,shipment confirmed,   
783,445,17,27/06/2022,9:12:35,21,783,Room 1240,125,695-92-4379,shipment confirmed,   
784,78,2,3/1/2023,8:33:16,32,784,PO Box 59708,690,118-19-9782,shipment confirmed,   
785,26,18,5/4/2022,3:56:10,15,785,Apt 132,154,121-10-0645,shipment confirmed,   
786,241,16,14/08/2022,10:25:24,50,786,14th Floor,863,397-87-3790,shipment confirmed,   
787,407,12,5/8/2022,23:17:59,41,787,PO Box 54425,841,393-47-2329,shipment confirmed,   
788,257,6,24/03/2022,11:06:25,20,788,Room 891,929,588-86-1608,shipment confirmed,   
789,582,3,2/4/2022,16:24:36,79,789,Room 1154,577,612-09-6980,shipment confirmed,   
790,293,1,26/09/2022,12:35:44,64,790,Suite 70,305,685-24-8444,shipment confirmed,   
791,398,6,17/01/2023,3:57:12,94,791,Suite 65,467,376-95-7788,shipment confirmed,   
792,351,18,11/5/2022,4:40:50,46,792,Suite 30,985,632-71-0162,shipment confirmed,   
793,909,19,11/6/2022,21:40:42,61,793,Room 337,897,352-25-7029,shipment confirmed,   
794,988,14,11/7/2022,3:54:34,69,794,Apt 1701,542,549-71-2016,shipment confirmed,   
795,238,3,1/4/2022,8:37:57,9,795,Apt 790,399,216-44-9677,shipment confirmed,   
796,79,15,4/5/2022,9:59:40,78,796,13th Floor,79,638-66-7328,shipment confirmed,   
797,803,2,2/6/2022,1:55:15,73,797,Suite 89,935,486-79-3306,shipment confirmed,   
798,735,12,8/9/2022,23:47:42,57,798,Suite 60,181,552-34-0129,shipment confirmed,   
799,542,10,1/10/2022,8:29:56,99,799,Apt 398,769,198-61-1343,shipment confirmed,   
800,780,8,2/8/2022,18:08:30,81,800,Suite 79,13,111-37-1366,shipment confirmed,   
801,99,8,22/12/2022,14:21:44,2,801,Apt 1958,638,523-84-5504,shipment confirmed,   
802,46,6,26/12/2022,3:36:14,99,802,13th Floor,635,405-81-0017,shipment confirmed,   
803,731,20,1/11/2022,10:18:10,44,803,PO Box 96803,935,396-60-3811,shipment confirmed,   
804,838,10,20/04/2022,14:47:41,74,804,Suite 40,166,183-28-7222,shipment confirmed,   
805,249,1,2/5/2022,1:26:14,89,805,9th Floor,174,209-55-0453,shipment confirmed,   
806,926,11,10/8/2022,18:05:06,32,806,Room 1867,945,142-31-2195,shipment confirmed,   
807,516,14,12/7/2022,11:40:15,77,807,Apt 48,280,453-27-6155,shipment confirmed,   
808,48,4,15/07/2022,0:38:21,41,808,Suite 43,91,100-27-6082,shipment confirmed,   
809,923,5,2/6/2022,9:04:21,44,809,PO Box 6030,384,144-34-7567,shipment confirmed,   
810,739,17,12/12/2022,12:27:23,87,810,14th Floor,763,184-87-6980,shipment confirmed,   
811,306,16,17/08/2022,18:48:57,46,811,Apt 368,102,330-59-7611,shipment confirmed,   
812,482,7,11/4/2022,21:24:04,36,812,PO Box 66829,406,124-73-9513,shipment confirmed,   
813,501,18,3/11/2022,21:18:42,2,813,Room 665,476,144-59-4547,shipment confirmed,   
814,436,9,18/10/2022,16:37:38,27,814,Room 1770,500,641-41-9310,shipment confirmed,   
815,69,3,9/11/2022,5:43:22,14,815,Apt 1035,439,294-47-0917,shipment confirmed,   
816,911,13,31/12/2022,9:01:47,49,816,Apt 200,981,730-93-2433,shipment confirmed,   
817,326,2,12/3/2022,16:21:25,82,817,Room 1915,899,864-57-7774,shipment confirmed,   
818,869,15,19/10/2022,11:16:31,28,818,Suite 10,203,480-32-7919,shipment confirmed,   
819,282,12,1/3/2022,10:22:55,72,819,Room 1554,177,856-80-6111,shipment confirmed,   
820,558,19,5/4/2022,19:57:50,63,820,9th Floor,345,174-74-2038,shipment confirmed,   
821,764,15,12/2/2022,8:11:13,16,821,Room 578,21,656-46-8831,shipment confirmed,   
822,542,1,18/03/2022,4:15:54,18,822,Room 1280,774,149-18-0930,shipment confirmed,   
823,781,9,2/1/2023,19:00:51,4,823,Suite 30,928,469-33-2527,shipment confirmed,   
824,358,5,9/3/2022,23:32:49,100,824,PO Box 21730,505,385-77-6613,shipment confirmed,   
825,714,3,7/4/2022,17:53:58,72,825,Room 80,33,127-60-9228,shipment confirmed,   
826,399,20,28/01/2023,20:22:41,16,826,Room 1418,744,297-58-2457,shipment confirmed,   
827,103,11,26/06/2022,3:42:24,18,827,Room 176,695,490-27-0390,shipment confirmed,   
828,613,12,7/2/2022,4:33:24,50,828,Suite 73,14,341-72-6529,shipment confirmed,   
829,782,13,13/11/2022,21:04:51,52,829,Suite 34,28,323-02-4867,shipment confirmed,   
830,680,16,1/2/2023,6:17:02,87,830,PO Box 1763,257,314-52-9940,shipment confirmed,   
831,877,17,29/04/2022,23:23:49,77,831,Room 1171,483,639-50-9406,shipment confirmed,   
832,406,18,15/09/2022,14:48:23,28,832,Room 380,927,428-73-4792,shipment confirmed,   
833,791,8,11/6/2022,2:24:33,92,833,Room 1722,570,639-28-0166,shipment confirmed,   
834,182,7,6/12/2022,19:15:43,99,834,PO Box 13353,488,277-79-2671,shipment confirmed,   
835,344,19,7/3/2022,15:22:33,13,835,Apt 200,134,520-44-2799,shipment confirmed,   
836,521,4,14/09/2022,5:56:45,77,836,9th Floor,657,131-60-5312,shipment confirmed,   
837,737,6,23/03/2022,21:27:17,88,837,Room 1532,129,167-42-5405,shipment confirmed,   
838,529,14,25/10/2022,9:58:23,55,838,PO Box 87263,521,503-12-0439,shipment confirmed,   
839,245,2,6/8/2022,12:51:22,14,839,15th Floor,367,499-38-0311,shipment confirmed,   
840,896,10,17/10/2022,0:28:21,2,840,4th Floor,713,811-04-1868,shipment confirmed,   
841,444,6,2/12/2022,16:34:05,31,841,Room 1122,961,813-23-6488,shipment confirmed,   
842,783,2,9/10/2022,1:34:40,32,842,PO Box 44712,120,520-84-0587,shipment confirmed,   
843,408,1,14/10/2022,15:39:58,68,843,Suite 35,374,437-37-5086,shipment confirmed,   
844,287,19,3/8/2022,13:31:25,4,844,Apt 764,535,581-69-6935,shipment confirmed,   
845,557,4,2/7/2022,19:00:36,29,845,13th Floor,111,164-04-5354,shipment confirmed,   
846,812,9,29/04/2022,6:36:31,81,846,PO Box 4693,70,372-85-7878,shipment confirmed,   
847,674,10,25/07/2022,7:33:51,29,847,Room 1577,784,417-21-7162,shipment confirmed,   
848,972,8,16/10/2022,5:14:37,59,848,Suite 67,527,647-98-1703,shipment confirmed,   
849,254,11,10/10/2022,13:26:36,24,849,Room 169,571,176-43-7499,shipment confirmed,   
850,41,16,14/10/2022,14:06:07,83,850,Suite 11,114,533-73-7334,shipment confirmed,   
851,456,1,5/2/2022,11:41:53,96,851,Apt 584,94,896-33-6890,shipment confirmed,   
852,399,6,7/11/2022,15:18:14,35,852,Room 143,991,860-95-8605,shipment confirmed,   
853,442,12,25/10/2022,9:28:16,84,853,3rd Floor,492,637-06-1392,shipment confirmed,   
854,213,15,8/12/2022,19:42:19,85,854,Apt 169,591,317-90-5024,shipment confirmed,   
855,554,3,18/08/2022,4:30:11,8,855,Apt 913,125,165-82-7031,shipment confirmed,   
856,484,5,19/07/2022,12:52:33,99,856,Room 1686,219,370-97-8756,shipment confirmed,   
857,677,16,18/02/2022,9:00:44,38,857,4th Floor,683,728-89-3004,shipment confirmed,   
858,129,10,30/04/2022,6:45:42,86,858,PO Box 73165,944,523-70-7076,shipment confirmed,   
859,260,18,15/10/2022,18:33:17,52,859,Room 1503,578,819-94-9179,shipment confirmed,   
860,352,7,28/04/2022,15:11:10,16,860,Room 615,750,193-20-5478,shipment confirmed,   
861,755,4,23/11/2022,9:56:52,33,861,PO Box 25957,82,564-11-5904,shipment confirmed,   
862,18,8,7/3/2022,4:23:23,26,862,PO Box 72941,803,739-94-6875,shipment confirmed,   
863,887,17,27/11/2022,0:53:14,25,863,Room 1068,587,230-91-2954,shipment confirmed,   
864,826,2,2/5/2022,20:04:23,25,864,PO Box 53213,550,228-87-1436,shipment confirmed,   
865,790,20,22/03/2022,18:26:09,68,865,Suite 35,426,784-62-8049,shipment confirmed,   
866,142,19,2/5/2022,8:35:06,16,866,PO Box 23975,657,296-61-7216,shipment confirmed,   
867,566,14,14/06/2022,16:12:17,4,867,PO Box 69488,557,499-11-3071,shipment confirmed,   
868,181,13,16/07/2022,20:19:50,5,868,Room 49,804,718-64-8463,shipment confirmed,   
869,295,11,5/11/2022,0:38:12,33,869,Apt 1355,267,373-69-8150,shipment confirmed,   
870,403,9,6/3/2022,0:40:59,21,870,4th Floor,221,597-78-0262,shipment confirmed,   
871,3,8,25/08/2022,9:40:12,98,871,Room 50,714,692-71-2448,shipment confirmed,   
872,115,12,11/5/2022,19:42:21,51,872,Apt 1485,226,219-51-2500,shipment confirmed,   
873,211,19,4/2/2022,22:17:05,40,873,PO Box 87363,712,685-70-7654,shipment confirmed,   
874,637,10,3/12/2022,10:03:25,95,874,PO Box 62081,666,492-89-8800,shipment confirmed,   
875,595,7,21/07/2022,5:47:39,39,875,Room 590,180,671-99-0885,shipment confirmed,   
876,502,14,12/6/2022,17:24:51,52,876,10th Floor,478,313-64-8301,shipment confirmed,   
877,122,2,7/2/2022,22:01:11,35,877,Suite 74,836,580-10-4751,shipment confirmed,   
878,204,16,14/10/2022,2:40:17,81,878,Room 138,362,240-63-4859,shipment confirmed,   
879,272,9,5/10/2022,15:51:54,35,879,7th Floor,927,847-79-0361,shipment confirmed,   
880,972,13,20/11/2022,19:21:24,72,880,PO Box 11143,950,219-20-6672,shipment confirmed,   
881,712,18,4/1/2023,9:00:08,1,881,Room 874,159,561-34-6816,shipment confirmed,   
882,152,4,22/08/2022,21:40:34,49,882,Apt 1108,401,889-03-9984,shipment confirmed,   
883,9,6,16/04/2022,2:04:48,16,883,11th Floor,458,681-59-2707,shipment confirmed,   
884,598,17,22/05/2022,16:55:30,14,884,Apt 1981,690,165-23-6343,shipment confirmed,   
885,46,3,25/06/2022,6:50:37,100,885,14th Floor,266,292-43-5407,shipment confirmed,   
886,592,5,7/6/2022,6:18:53,91,886,17th Floor,966,410-03-7459,shipment confirmed,   
887,747,20,6/2/2022,0:17:42,34,887,Room 585,10,284-55-7963,shipment confirmed,   
888,13,15,19/11/2022,5:37:01,75,888,PO Box 75943,882,848-46-6782,shipment confirmed,   
889,955,11,5/1/2023,0:09:05,41,889,20th Floor,969,153-49-8735,shipment confirmed,   
890,529,1,19/06/2022,15:18:33,18,890,Apt 1663,268,767-84-0606,shipment confirmed,   
891,638,4,22/12/2022,5:36:26,15,891,Apt 1754,123,103-30-0383,shipment confirmed,   
892,542,2,25/07/2022,15:35:59,25,892,PO Box 93924,421,777-35-7260,shipment confirmed,   
893,200,19,16/06/2022,13:21:16,49,893,PO Box 70665,273,838-74-1720,shipment confirmed,   
894,999,14,1/2/2023,4:34:13,98,894,19th Floor,636,428-84-8748,shipment confirmed,   
895,222,18,13/03/2022,21:12:53,50,895,4th Floor,970,206-41-5069,shipment confirmed,   
896,618,10,2/8/2022,1:11:44,83,896,Apt 1063,677,285-41-1259,shipment confirmed,   
897,635,9,17/08/2022,17:33:36,94,897,6th Floor,742,494-81-5402,shipment confirmed,   
898,269,7,21/11/2022,18:23:30,19,898,PO Box 62452,923,489-01-5904,shipment confirmed,   
899,861,16,25/11/2022,6:25:44,65,899,Apt 1365,920,804-79-9249,shipment confirmed,   
900,119,20,2/1/2023,10:33:45,25,900,Room 1746,166,568-57-7716,shipment confirmed,   
901,426,20,12/7/2022,3:14:21,42,901,PO Box 10126,629,732-20-2565,shipment confirmed,   
902,332,10,10/10/2022,6:23:34,5,902,Room 902,79,200-62-2407,shipment confirmed,   
903,337,7,20/04/2022,21:09:29,24,903,16th Floor,543,763-28-8046,shipment confirmed,   
904,863,18,2/3/2022,17:26:11,85,904,Suite 78,791,687-34-4338,shipment confirmed,   
905,225,6,19/07/2022,6:37:39,2,905,20th Floor,378,287-51-1289,shipment confirmed,   
906,765,17,24/01/2023,11:17:30,68,906,Apt 952,300,567-50-6893,shipment confirmed,   
907,17,15,8/1/2023,9:30:34,70,907,PO Box 27316,301,487-69-5961,shipment confirmed,   
908,499,1,7/2/2022,10:43:06,20,908,PO Box 93813,846,377-13-0030,shipment confirmed,   
909,454,13,26/12/2022,22:26:13,85,909,12th Floor,397,757-40-6521,shipment confirmed,   
910,541,5,28/02/2022,4:39:08,31,910,12th Floor,324,584-21-8533,shipment confirmed,   
911,910,3,2/10/2022,3:50:56,56,911,PO Box 75716,554,215-43-7390,shipment confirmed,   
912,772,4,1/12/2022,17:14:11,85,912,6th Floor,591,278-53-1664,shipment confirmed,   
913,875,19,8/8/2022,23:37:40,50,913,12th Floor,674,425-66-5124,shipment confirmed,   
914,189,12,5/9/2022,0:47:19,37,914,Apt 1045,603,797-46-3758,shipment confirmed,   
915,299,16,2/4/2022,6:22:15,43,915,7th Floor,169,478-29-3058,shipment confirmed,   
916,639,14,15/04/2022,12:10:36,62,916,Suite 3,956,805-87-7761,shipment confirmed,   
917,609,2,10/7/2022,19:18:36,53,917,5th Floor,318,476-45-6263,shipment confirmed,   
918,91,8,21/01/2023,20:51:24,8,918,Apt 402,465,597-83-6687,shipment confirmed,   
919,895,11,4/4/2022,18:53:24,88,919,7th Floor,88,829-58-8563,shipment confirmed,   
920,983,9,1/4/2022,0:11:18,55,920,Suite 77,536,729-04-8955,shipment confirmed,   
921,970,8,12/11/2022,9:49:44,98,921,19th Floor,635,281-01-0496,shipment confirmed,   
922,265,13,30/12/2022,9:52:10,36,922,Suite 44,299,759-97-5996,shipment confirmed,   
923,828,6,24/06/2022,9:20:40,62,923,PO Box 51243,564,126-37-2614,shipment confirmed,   
924,731,16,13/01/2023,13:45:47,53,924,Apt 679,404,102-74-5662,shipment confirmed,   
925,173,20,16/09/2022,4:18:58,60,925,15th Floor,596,766-88-9166,shipment confirmed,   
926,51,15,1/12/2022,5:25:59,72,926,PO Box 30137,189,842-73-7668,shipment confirmed,   
927,65,17,8/12/2022,11:51:26,51,927,Apt 1028,489,321-07-5215,shipment confirmed,   
928,777,2,28/03/2022,8:22:21,40,928,9th Floor,616,447-43-6098,shipment confirmed,   
929,215,7,16/12/2022,14:28:43,67,929,Room 161,542,243-15-3313,shipment confirmed,   
930,679,18,7/6/2022,22:58:39,12,930,10th Floor,605,599-72-6863,shipment confirmed,   
931,706,11,4/2/2022,0:29:30,81,931,PO Box 95063,848,692-88-3274,shipment confirmed,   
932,853,10,30/07/2022,9:18:29,2,932,Room 1706,547,440-46-4597,shipment confirmed,   
933,302,19,28/09/2022,21:29:05,22,933,PO Box 49246,802,128-22-8861,shipment confirmed,   
934,491,1,21/01/2023,1:05:54,34,934,PO Box 70264,557,719-70-4277,shipment confirmed,   
935,333,4,2/2/2023,22:55:59,54,935,PO Box 8324,677,109-19-7208,shipment confirmed,   
936,459,9,23/06/2022,13:56:53,26,936,1st Floor,899,709-37-3811,shipment confirmed,   
937,625,5,10/1/2023,15:47:24,27,937,Apt 1127,364,208-23-5680,shipment confirmed,   
938,519,12,26/08/2022,22:13:33,16,938,13th Floor,638,642-19-7238,shipment confirmed,   
939,911,3,5/12/2022,9:08:49,25,939,PO Box 91658,813,875-13-0998,shipment confirmed,   
940,465,14,23/12/2022,15:51:04,52,940,Apt 76,361,540-50-6861,shipment confirmed,   
941,167,16,25/12/2022,21:18:01,12,941,Apt 517,650,481-55-1787,shipment confirmed,   
942,305,2,30/12/2022,11:44:14,20,942,Room 1301,507,753-35-7237,shipment confirmed,   
943,220,14,13/08/2022,18:03:20,63,943,12th Floor,461,694-48-6663,shipment confirmed,   
944,381,8,24/11/2022,4:05:48,99,944,Suite 20,330,146-77-1135,shipment confirmed,   
945,243,1,26/04/2022,5:39:59,41,945,9th Floor,630,784-60-4882,shipment confirmed,   
946,31,20,7/3/2022,20:28:42,49,946,PO Box 24257,302,150-26-1008,shipment confirmed,   
947,144,15,18/05/2022,4:27:34,6,947,Room 634,948,533-96-0179,shipment confirmed,   
948,432,6,17/07/2022,4:31:34,83,948,Apt 1921,895,392-90-8606,shipment confirmed,   
949,884,17,25/07/2022,2:08:08,11,949,Apt 1362,28,233-98-7957,shipment confirmed,   
950,789,7,14/02/2022,4:53:58,78,950,Suite 97,902,698-97-2556,shipment confirmed,   
951,672,13,19/07/2022,11:53:44,62,951,PO Box 75066,345,832-38-0249,shipment confirmed,   
952,943,9,11/7/2022,0:15:58,95,952,PO Box 74192,203,174-95-2438,shipment confirmed,   
953,629,11,31/05/2022,4:13:56,45,953,Suite 79,322,561-32-9552,shipment confirmed,   
954,251,10,30/10/2022,13:25:15,37,954,Room 1533,842,598-08-2511,shipment confirmed,   
955,626,16,21/03/2022,21:08:39,65,955,Suite 8,135,369-38-0670,shipment confirmed,   
956,604,15,27/08/2022,18:09:30,3,956,Room 1473,54,519-45-2491,shipment confirmed,   
957,497,12,25/09/2022,16:32:02,75,957,PO Box 25204,615,723-01-6043,shipment confirmed,   
958,448,8,11/10/2022,0:58:36,23,958,Suite 42,574,309-39-3782,shipment confirmed,   
959,487,4,3/12/2022,9:26:57,15,959,PO Box 47036,188,760-37-9614,shipment confirmed,   
960,249,1,13/07/2022,5:30:59,20,960,8th Floor,29,299-30-1854,shipment confirmed,   
961,357,7,26/04/2022,7:44:56,61,961,Room 1550,589,566-08-2019,shipment confirmed,   
962,853,17,20/07/2022,23:38:29,37,962,Apt 1255,671,730-76-3005,shipment confirmed,   
963,887,5,17/11/2022,12:57:37,68,963,Suite 2,965,765-84-1141,shipment confirmed,   
964,558,19,26/07/2022,19:54:25,92,964,Apt 1908,919,505-36-3495,shipment confirmed,   
965,198,3,11/7/2022,4:23:42,37,965,Suite 76,987,419-29-9055,shipment confirmed,   
966,613,6,4/10/2022,15:01:13,1,966,PO Box 20952,108,881-20-2966,shipment confirmed,   
967,486,2,11/5/2022,8:18:22,53,967,Suite 37,536,699-16-2140,shipment confirmed,   
968,447,14,11/10/2022,4:18:31,98,968,PO Box 45042,71,287-54-3126,shipment confirmed,   
969,80,18,7/3/2022,15:16:23,55,969,Room 1942,268,405-19-1778,shipment confirmed,   
970,294,20,1/7/2022,6:59:47,85,970,PO Box 22792,848,747-79-5262,shipment confirmed,   
971,905,11,21/11/2022,2:38:51,80,971,Room 1560,964,386-46-6022,shipment confirmed,   
972,297,20,10/9/2022,1:56:57,92,972,PO Box 36613,863,811-90-2094,shipment confirmed,   
973,323,16,21/11/2022,12:05:28,95,973,7th Floor,976,154-49-4892,shipment confirmed,   
974,223,17,8/11/2022,17:43:04,49,974,Suite 16,531,743-98-4105,shipment confirmed,   
975,676,4,25/02/2022,22:16:43,42,975,2nd Floor,781,270-10-4123,shipment confirmed,   
976,847,8,6/2/2022,15:28:32,93,976,Suite 74,455,627-73-3111,shipment confirmed,   
977,88,18,13/12/2022,15:32:02,4,977,19th Floor,953,509-39-3129,shipment confirmed,   
978,579,6,24/05/2022,0:41:12,33,978,3rd Floor,360,447-88-5539,shipment confirmed,   
979,663,15,1/9/2022,8:07:40,4,979,16th Floor,410,577-49-0347,shipment confirmed,   
980,739,9,29/05/2022,17:08:30,19,980,Suite 37,996,554-20-8912,shipment confirmed,   
981,927,1,21/01/2023,0:05:59,80,981,Suite 89,596,380-06-8652,shipment confirmed,   
982,767,10,17/03/2022,1:53:06,11,982,Apt 1084,185,864-47-7707,shipment confirmed,   
983,870,5,6/1/2023,16:39:46,34,983,Room 1610,162,293-55-6877,shipment confirmed,   
984,586,19,9/7/2022,12:37:28,68,984,Room 824,851,219-88-3985,shipment confirmed,   
985,59,13,11/8/2022,12:29:23,1,985,Apt 593,136,316-16-2004,shipment confirmed,   
986,45,12,17/02/2022,17:03:58,31,986,Suite 54,327,523-09-7107,shipment confirmed,   
987,20,14,7/10/2022,4:11:11,89,987,3rd Floor,315,366-91-0786,shipment confirmed,   
988,644,7,1/7/2022,16:42:40,5,988,PO Box 75156,195,866-30-2416,shipment confirmed,   
989,71,3,22/07/2022,7:08:21,32,989,6th Floor,857,488-94-8378,shipment confirmed,   
990,395,2,25/10/2022,5:36:49,29,990,Apt 1149,424,362-90-0831,shipment confirmed,   
991,939,5,29/03/2022,15:06:36,12,991,Suite 40,387,863-33-9078,shipment confirmed,   
992,607,19,10/3/2022,15:28:54,48,992,Room 79,620,378-36-8770,shipment confirmed,   
993,904,16,14/05/2022,19:51:19,15,993,Suite 1,539,203-08-2173,shipment confirmed,   
994,106,18,13/04/2022,14:00:55,8,994,Apt 1760,742,609-97-5975,shipment confirmed,   
995,704,4,3/5/2022,18:31:55,6,995,Apt 1639,678,330-51-6595,shipment confirmed,   
996,661,2,15/07/2022,0:26:19,73,996,PO Box 16217,74,804-36-0504,shipment confirmed,   
997,454,1,25/06/2022,11:12:22,90,997,Apt 1550,944,134-62-9996,shipment confirmed,   
998,524,17,14/03/2022,15:28:26,26,998,PO Box 46561,297,121-94-6787,shipment confirmed,   
999,44,13,5/1/2023,3:41:16,4,999,Room 160,264,210-72-6048,shipment confirmed,   
1000,763,6,20/05/2022,7:25:49,41,1000,2nd Floor,507,204-88-5902,shipment confirmed,   
